,Open,High,Close,Volume
0,0.0,0.0,0.0,0.0
1,0.012222450769180826,0.0031499100025713656,-0.006988570998505472,0.6746332671082225
2,0.015957389223890672,0.011142538784606026,0.010740896042318537,-0.13351576165887713
3,0.022279719825486266,0.020495842975915002,0.015159823242911985,-0.06905637876474913
4,0.02577648829177992,0.01671380817690915,0.016837080282553263,-0.10574203876024613
5,0.021911638934297484,0.015192423073626449,0.016880086873313216,-0.22399468549670065
6,0.02748698184495124,0.01782806205536991,0.010977432291498612,-0.3048089079784352
7,0.026696690519751876,0.016863803891317364,0.018869141695964764,0.2614634182548734
8,0.02609043964014668,0.02263863889603157,0.01770796374544381,-0.17582148415174537
9,0.039287222180121484,0.029817005228422122,0.016568289090302946,0.41855486581374013
10,0.026285305994305563,0.030459844004457004,0.030362653076583923,0.12190574921383446
11,0.04922540624221883,0.03874175023570747,0.024105194120999096,1.2996731629954201
12,0.0531227333253943,0.04348804319876587,0.03786730316420983,0.3741658976141642
13,0.050870944344004076,0.046466529527727785,0.041866916104893015,2.670175442937129
14,0.07620357038464443,0.07802991343104493,0.07334774054123794,1.464595956721931
15,0.07068235701681269,0.06615882403359907,0.06854175402380425,-0.09487551246112469
16,0.07934308386831357,0.06998371475100695,0.06676773215495269,-0.12267088429079342
17,0.07177577378181454,0.0666838090340276,0.06739132772097323,-0.12652872380170077
18,0.05375063602212804,0.061594668723750745,0.0611338687653884,-0.1257945157690814
19,0.05695510495718348,0.05355918402331361,0.04931780795406904,0.027064875042370096
20,0.0544434941702483,0.047334361875374986,0.050339214484619754,-0.33221831029474713
21,0.05097920342964768,0.04857718350904272,0.04167338644647289,-0.0569905016861425
22,0.04021825031665771,0.03885960401131405,0.04039394037136179,-0.009026367160922089
23,0.029024260861092666,0.02306719808005475,0.025201862185379786,-0.09615898480121332
24,0.01974645722142232,0.021181537670352357,0.022481695319807704,-0.10221264446022416
25,0.007870435526301511,0.012106796948658571,0.011525766323688957,0.028820294079079156
26,0.0013965422048045628,0.0029784863289619157,-0.0025803954456020683,0.24627019845265807
27,0.0005304695196544085,0.003139196022970747,0.0023331075487318387,0.2952586366864023
28,0.010295439044721855,0.0009428302048513082,-0.011429001494479007,0.04830989888093584
29,0.021954942568555014,0.012471072255078486,-0.0004408175552904625,0.41501248215509534
30,0.02992281127193608,0.019606582669066563,0.008311023664376638,0.9834589796054698
31,0.02917582358099402,0.03201337104654156,0.03324409465750611,0.6982460654614191
32,0.04101936755042157,0.03627753492757346,0.01935296584201529,0.511467748041081
33,0.07176494787325027,0.06495885831833381,0.04515692029803575,-0.0611093654512751
34,0.05606738045490456,0.05706265535270427,0.06020922706404752,-0.03261133117421333
35,0.05755052992822418,0.05050569983714759,0.050027416701609484,-0.3755978197670823
36,0.05096837752108341,0.04961643953029915,0.05214549129654111,-0.28149857611887863
37,0.0558616881921814,0.05081640524556441,0.04182390951413306,-0.1975749485992523
38,0.04973422394474447,0.0492200222850776,0.04852218602500824,-0.09146425947047954
39,0.03702460729016677,0.028488471757949885,0.030674450859594193,0.5829741672584041
40,0.0263177837199986,0.02927059226879236,0.03235170789923547,0.5015939798652571
41,0.05606738045490456,0.049648581469101005,0.040684234858991974,-0.06879535451052388
42,0.05232161609163044,0.047730779120596534,0.04344740831532423,0.24039467856904273
43,0.03790150588388119,0.03711322533641903,0.034104226472706944,1.5991762272469736
44,0.08853428023946908,0.0772906488386047,0.0430388457031039,1.2563487036620096
45,0.08717021576035777,0.07739778863461044,0.07976647421217287,0.04405062633450196
46,0.08131339922703007,0.07558712608211193,0.07687428098356075,-0.15006482308493552
47,0.08617423217243503,0.08062269649438591,0.07159522196776646,-0.03995403004129383
48,0.08030658973054305,0.07932630496271531,0.07933640830457267,-0.14708407455149597
49,0.07023849476567312,0.0676266392388789,0.07099312969712601,0.07345853425603144
50,0.07280423509543033,0.06404817005228414,0.06257458955584938,-0.19194808215212644
51,0.07848783709172791,0.07096940087426074,0.061284391833048346,0.06642325020968531
52,0.07447142501434434,0.0688480329133454,0.07104688793557612,-0.06186831511936597
53,0.07393012958612544,0.06753021342247356,0.06792891010547364,0.012190203796851318
54,0.05985644845243643,0.06687666066683806,0.06641292778118246,0.2087210553792027
55,0.0558075586493596,0.04795577269220885,0.051091829822920376,-0.2933244593334109
56,0.05006982711024022,0.04408802605639828,0.04350116655377434,-0.044093924196577206
57,0.036039449610808516,0.03370617982343371,0.036534098850648844,-0.1418413219950665
58,0.031514219830899304,0.02807062655352688,0.026406046726660692,-0.15859945024085986
59,0.021099695791969353,0.02230650552841351,0.02194411293530729,0.11366121773381455
60,0.03896244492319023,0.02960272563641042,0.012987990409530248,0.5148425071194056
61,0.04313041972047493,0.0348632896202965,0.03711468782590921,-0.3186499974021283
62,0.03418821924630011,0.03143481614811017,0.03131954972099482,-0.17257971136408057
63,0.03695965183878047,0.02637781777663495,0.026932877463471172,-0.2485649851426479
64,0.02985785582054956,0.026388531756235567,0.0277392510402219,-0.3622268214173493
65,0.03519502874278713,0.025017142367360856,0.02661032803277097,-0.2911713185064959
66,0.04072706801918358,0.030899117168081025,0.028620886150802605,0.0440611415295773
67,0.025700706931829354,0.02960272563641042,0.03074971239342439,0.1608094968293594
68,0.03573632417100603,0.02687066083826184,0.021707576686126995,-0.0007175074286760452
69,0.02877526496411198,0.02762063941030246,0.026481308260490888,0.19889305922900125
70,0.01335917116844021,0.01804234164738161,0.019740025158855534,0.12868805003748363
71,0.010349568587543656,0.01030684837576068,0.007526153383005996,0.08324570670770481
72,0.00047633997683238505,0.00263563898174346,0.0029351998193722917,0.4398283425330982
73,0.0057269056305551125,0.002721350818547963,-0.005988667763334732,1.37881979924637
74,-0.03649413777051247,-0.04283449044313026,-0.041555118321882856,0.4488101747501714
75,-0.03498933648006419,-0.04325233564755293,-0.04402799729058482,-0.18148670013385226
76,-0.044873390999339624,-0.044045170137996026,-0.04435054672128502,0.26060612058578303
77,-0.05983479663530755,-0.057212651067112374,-0.05500542958208354,0.04934409924364824
78,-0.06830065713264988,-0.07598354332733348,-0.0764872216667204,-0.2745319501109662
79,-0.06925333708631498,-0.07438716036684678,-0.07527228547774945,-0.26465199652627436
80,-0.0718082515075078,-0.078383474757864,-0.07911062370308253,-0.3317680125291642
81,-0.07704799125266593,-0.08139410302562788,-0.08182003892096468,-0.42092140324659744
82,-0.08912970521050978,-0.08326904945572988,-0.08059435108430368,-0.35107329214675753
83,-0.08949778610169867,-0.09602939916002395,-0.0966680643808665,-0.33590357689824013
84,-0.09229087051130769,-0.09604011313962457,-0.09529185347654523,-0.29747672430643013
85,-0.08878327613644976,-0.09506514099597152,-0.0969906138115667,-0.39732901674266474
86,-0.08895649067347988,-0.09280449130024859,-0.09503381393198507,-0.3528732461273155
87,-0.08521072631020565,-0.09372589354589866,-0.09460374802438476,-0.3124237648357032
88,-0.08033906745623631,-0.08546541527384932,-0.09137825371738217,-0.05142796349124268
89,-0.07469876909419626,-0.07796562955344133,-0.08728187594748904,0.14748798175056965
90,-0.08196295374089269,-0.0860975400702837,-0.08334677289294579,-0.16590132540941216
91,-0.08115101059856455,-0.07966915230993399,-0.07885258415852237,0.21815565952540594
92,-0.08322958504292477,-0.08978314905288431,-0.08847530884108001,-0.1086937158720066
93,-0.07765424213227101,-0.08716893803034198,-0.08666903202915843,-0.4127585191636337
94,-0.08764655573719027,-0.0876189251735664,-0.08624971776924817,-0.09857129425969313
95,-0.09095928375788931,-0.09424016456672668,-0.09618424023481598,-0.060311447707316335
96,-0.10351733769256588,-0.09854718436616094,-0.09846358954509782,0.19700712806517928
97,-0.08845849887951851,-0.09574012171080826,-0.10208689481663069,0.30245041157710606
98,-0.08911887930194551,-0.09821505099854289,-0.09723790170843682,1.0335576987310016
99,-0.08036071927336508,-0.0835797548641467,-0.08632497930307825,-0.15460986152106626
100,-0.05808099944787881,-0.0641660238278906,-0.08595942328161799,0.5698431627727456
101,-0.05870890214461255,-0.06751949944287305,-0.06685374533647293,-0.0460868629338137
102,-0.054162020547574574,-0.0631481957658353,-0.062058510466729055,0.15559024882662786
103,-0.05757218174535306,-0.06498028627753494,-0.0646066509692611,-0.3168512805033439
104,-0.060376092063526454,-0.06801234250449995,-0.06633766624735249,-0.17555613011131266
105,-0.06491214775200016,-0.07047655781263384,-0.06900407487447457,-0.3433000888224713
106,-0.06807331305279796,-0.07095868689466012,-0.07043404401724562,-0.2784071087667037
107,-0.06604886815125954,-0.07406574097882912,-0.07385306798266844,-0.1732675288301907
108,-0.07580301176776261,-0.07783706179823435,-0.07768065456031137,-0.1663943024961836
109,-0.07642008855593208,-0.08188694608725466,-0.08219634659011499,-0.3630055643938176
110,-0.08276407097465655,-0.0857439787434644,-0.08487350686492712,-0.3575240550550872
111,-0.08319710731723162,-0.09044741578812032,-0.08904514616865045,-0.351848323877905
112,-0.08094531833584129,-0.08843318762321073,-0.08709909793675874,-0.37736932086684793
113,-0.07296662372389617,-0.08235836118968032,-0.08627122106462815,-0.2262437001610681
114,-0.07830379664613352,-0.08074055026999227,-0.07885258415852237,0.12492237311870791
115,-0.08266663779757721,-0.09056526956372668,-0.09156103172811236,-0.1444843472043189
116,-0.08526485585302745,-0.08859389731721956,-0.08646475072304838,-0.3750677302271035
117,-0.08234186054064596,-0.09106882660495419,-0.08846455719338997,-0.1673270621534625
118,-0.07862857390306477,-0.08650467129510586,-0.08503478158027722,-0.14228110456557397
119,-0.08196295374089269,-0.08525113568183773,-0.08464772226343686,-0.2423560717210529
120,-0.08197377964945707,-0.08695465843833028,-0.08689481663064869,-0.21998159222320912
121,-0.08920548657046057,-0.09259021170823689,-0.08981926480233104,-0.09618187081402452
122,-0.09224756687705016,-0.0971436530384846,-0.09452848649055479,-0.3783144513418626
123,-0.09191196371155463,-0.09812933916173827,-0.09974303562020881,-0.16052558656232296
124,-0.09087267648937447,-0.09788291763092483,-0.0968293390962166,-0.15671537469969843
125,-0.0931136395622002,-0.09816148110054002,-0.0979797653990474,-0.19855162465949328
126,-0.09825594613027899,-0.10307919773720753,-0.10239869259964085,-0.12468547195906743
127,-0.09957670697513288,-0.1086183251907088,-0.10754873184315505,-0.26131496844204394
128,-0.10087581600285811,-0.10618625182137653,-0.10774226150157518,-0.19452059370028474
129,-0.10632124801073939,-0.1086826090683124,-0.10844111860142569,0.0308633346281455
130,-0.11127951413322368,-0.11889303162766784,-0.11662312249352214,-0.16442857955796597
131,-0.10888698834049648,-0.11488600325704978,-0.11822511799933344,-0.0548107636010956
132,-0.11768845200333444,-0.11656809805434143,-0.12023567611736508,0.04482627660653615
133,-0.10794513429539576,-0.11716808091197395,-0.12348267371974753,0.3923646075852907
134,-0.1128167931493651,-0.11816448101482813,-0.11816060811319329,0.24956392867481325
135,-0.09380649771032046,-0.1029934859004028,-0.11424700835403023,1.1753668565999549
136,-0.07005445432007884,-0.07109796862946771,-0.09145351525121226,1.3210728220556835
137,-0.07000032477725704,-0.07752635638981742,-0.07860529626165214,1.1607185713190011
138,-0.07595457448766396,-0.07989414588154631,-0.07702480405122081,0.028106497895723948
139,-0.08306719641445914,-0.08768320905117,-0.08661527379070844,0.04432896973355738
140,-0.09970661787790547,-0.09409016885231858,-0.09209861411261289,0.5199881487566091
141,-0.10243474683612819,-0.11155395560126857,-0.10958079325656667,-0.19207240887037114
142,-0.10253218001320763,-0.10752549927144939,-0.11366641937876987,-0.33788043357242004
143,-0.10166610732805759,-0.11094325876403544,-0.10866690320291594,-0.3643267677280003
144,-0.10144958915677005,-0.11054684151881378,-0.11034416024255711,-0.10874134352028941
145,-0.10036699830033236,-0.10575769263735324,-0.1066025868464342,-0.20196968159989315
146,-0.10320338634419901,-0.11033256192680208,-0.10811856917072549,-0.1647792922407757
147,-0.10510874625152922,-0.11084683294763009,-0.10776376479695515,-0.1801896198942543
148,-0.10462158036613223,-0.11137181794805873,-0.11190314915760846,-0.25933316344076973
149,-0.10537939396563856,-0.1102789920287992,-0.11064520637787745,-0.12852289962071073
150,-0.11769927791189883,-0.11185394703008478,-0.11276328097280908,0.24765696712084062
151,-0.12580788342661664,-0.12816062398217198,-0.12586953950692947,-0.1708242923273714
152,-0.12322049127973067,-0.12849275734979004,-0.13151415454418391,-0.06270087115298495
153,-0.13325610851890746,-0.130624839290306,-0.13125611499962375,0.2117420090702835
154,-0.13045219820073395,-0.1393674466443816,-0.1479856788052769,0.07371213601961513
155,-0.13140487815439905,-0.13672109368303764,-0.1367717102645981,-0.34595981463566705
156,-0.1194963787335852,-0.12859989714579578,-0.1349546818049866,-0.2486237465268929
157,-0.12453042621602028,-0.12573926459244023,-0.12919179864314212,-0.39632759904695225
158,-0.12525576208983347,-0.1311283963315334,-0.1314818996011139,-0.5264840651496745
159,-0.12407573805631633,-0.13102125653552754,-0.12946058983539233,-0.2997381097885332
160,-0.11690898658669935,-0.12603925602125654,-0.12675117461751007,-0.09716040249692581
161,-0.11945307509932779,-0.1252142795920117,-0.12352568031050759,-0.2132883612872578
162,-0.12388087170215767,-0.1255035570412274,-0.12642862518680986,-0.2184234877293859
163,-0.11410507626852595,-0.12231079112025367,-0.12928856347235218,0.6075048802875969
164,-0.11513353758214162,-0.11823947887203223,-0.12304185616445729,0.09464355962857862
165,-0.11669246841541181,-0.11688951744235876,-0.12063348708189536,0.1131595810746282
166,-0.1205140141386366,-0.11684666152395651,-0.12337515724284742,0.3163849006747044
167,-0.12870922692186937,-0.13072126510671123,-0.1313743831242138,0.00735692530747678
168,-0.13468512844940517,-0.1322212222507928,-0.12970787773226244,0.17798823287816967
169,-0.14155958038778405,-0.14395302991343106,-0.14506123063359466,-0.0025836452841205837
170,-0.15563326152147317,-0.15145281563383906,-0.14903934027889776,0.2552761537643162
171,-0.1553734397159281,-0.15865260992543073,-0.16547860959692084,0.07261113324112944
172,-0.16640504054302763,-0.16430959115453847,-0.16328527346815902,0.04438958674046267
173,-0.17517402648017244,-0.17448787177509217,-0.17807954068961063,0.06317652909492621
174,-0.15714888872048594,-0.16580954829862005,-0.17821931210958075,0.7734024944516882
175,-0.14572755518506897,-0.15197780063426758,-0.16580115902762105,0.4096880822016098
176,-0.14650702060170406,-0.14669580869118015,-0.15122192475996943,-0.03385088711133988
177,-0.15736540689177336,-0.14316019542298797,-0.15514627616682264,0.5930099931465669
178,-0.1527535698433491,-0.16120253707036947,-0.16112419228246733,-0.6204948574510672
179,-0.14527286702536513,-0.15410988257478364,-0.16244664494833838,-0.1878675679219748
180,-0.14584664017927707,-0.14955644124453593,-0.1559956563343332,-0.13764637770085875
181,-0.1576360546058828,-0.15729193451615675,-0.15621068928813353,0.008738127107678073
182,-0.14781695553799357,-0.15221350818548052,-0.16570439419841088,0.11724813633630804
183,-0.1528726548375573,-0.15477414931001976,-0.15474846520229235,-0.05135683128926183
184,-0.1659503523833239,-0.16055969829433447,-0.16139298347471753,0.11235918916712229
185,-0.17130917712269,-0.1640524556441244,-0.16657527766130165,0.820915712670439
186,-0.16449968063569742,-0.17311648238621757,-0.1901643926931802,1.2813482706833885
187,-0.15903259681068738,-0.1672130796262964,-0.17024158952359447,1.2221953500570293
188,-0.12310140628552257,-0.13210336847518644,-0.16105968239632729,2.6553347914403838
189,-0.13194617358261795,-0.1303355618410902,-0.1338580137406058,0.916555123126749
190,-0.13172965541133042,-0.12569640867403797,-0.12698771086669036,0.09424150805216525
191,-0.13939439867490877,-0.13752464215308136,-0.13768560031824884,0.23248601479054964
192,-0.1649976724296588,-0.15522413645324418,-0.16018879893343652,0.21889852713044045
193,-0.15070747312468202,-0.15359561155395562,-0.15901686933522563,0.3454600335991409
194,-0.1266090006603805,-0.13563898174337874,-0.15231859282435045,0.4540263300484688
195,-0.12215955224042185,-0.12792491643095905,-0.13397628186519583,0.45721428977898304
196,-0.10964480194000292,-0.11863589611725378,-0.12922405358621214,0.3871886574446344
197,-0.10151454460815623,-0.10109711151109968,-0.11883796191766394,1.6936738112262697
198,-0.10901689924326907,-0.11440387417502351,-0.12121407605715573,0.8392226672967535
199,-0.10456745082331043,-0.11319319448015763,-0.1161070434044017,0.1101992443904527
200,-0.09224756687705016,-0.10163281049112882,-0.10917223064434634,0.16948267714392462
201,-0.1013521559796906,-0.10223279334876145,-0.10144179595523017,-0.10459031562904375
202,-0.11227549772114631,-0.11685737550355713,-0.11399972045716011,-0.0005529755527899916
203,-0.10409111084647793,-0.11238964601011392,-0.1166123708458322,-0.13783441413044284
204,-0.1073821870500482,-0.11094325876403544,-0.11074197120708751,-0.07210083700952796
205,-0.1185436987799201,-0.11201465672409372,-0.11676289391349226,0.41600400319661923
206,-0.1274425956198374,-0.12842847347218656,-0.13251405777935465,-0.3465938190446265
207,-0.12586201296943844,-0.1320712265363847,-0.13492242686191658,-0.31222335758838327
208,-0.12735598835132234,-0.13585326133539044,-0.13548151254179697,-0.1532292782617517
209,-0.12097952820690472,-0.12734636153252765,-0.1272134954681805,-0.43844157386491567
210,-0.11858700241417763,-0.12160366846661519,-0.12957885795998236,0.06486452717497526
211,-0.12967273278409897,-0.12426073540755977,-0.12463310002257855,-0.07459170116063008
212,-0.1275075510712237,-0.13651752807062656,-0.13910481781332984,-0.2800808804063566
213,-0.12951034415563323,-0.13544613011056827,-0.1365566773107979,-0.3196613117520294
214,-0.127431769711273,-0.13377474929287736,-0.13854573213344945,-0.24920270079692808
215,-0.1285143605677107,-0.13591754521299393,-0.13686847509380817,-0.22143887455248568
216,-0.13116670816598286,-0.13908888317476653,-0.13945962218710017,-0.0788614889021394
217,-0.13002998776672337,-0.13421402245650127,-0.13550301583717717,0.02690219878914446
218,-0.12610018295785475,-0.12797848632896203,-0.13702974980915827,-0.16498588489696342
219,-0.12951034415563323,-0.13189980286277536,-0.129052027223172,-0.09057170497084199
220,-0.13194617358261795,-0.12842847347218656,-0.1283316668279414,-0.15428698317816203
221,-0.12329627263968124,-0.1320819405159852,-0.13701899816146834,-0.08905504271643361
222,-0.1175368892834332,-0.12466786663238194,-0.12378371985506775,-0.12682253072292582
223,-0.12310140628552257,-0.12246078683466188,-0.12271930673375697,0.08819279672024871
224,-0.13256325037078742,-0.1365496700094283,-0.13446010601124625,-0.16591245914537445
225,-0.13392731484989884,-0.1399352875632125,-0.1401047210485007,-0.3505067086944581
226,-0.13272563899925305,-0.13860675409274026,-0.14482469438441448,-0.2889736427357321
227,-0.13498825388920765,-0.14393160195422994,-0.14205076928039218,0.3178452757084149
228,-0.14474239750571072,-0.13898174337876068,-0.13854573213344945,-0.031142296568087757
229,-0.14742722282967602,-0.14681366246678662,-0.15012525669558863,-0.1872917063563736
230,-0.14041203407996017,-0.14739221736521824,-0.15199604339365003,0.11896768000158353
231,-0.15068582130755326,-0.14269949430016293,-0.14113687922674145,0.15279753672277252
232,-0.1352589016033171,-0.14100668552327078,-0.1522540829382103,0.16757818975349914
233,-0.1282761905792944,-0.13386046112968208,-0.13681471685535807,-0.27156913926324355
234,-0.12534236935834853,-0.13152481357675494,-0.13127761829500373,-0.29132286102375937
235,-0.13567028612876342,-0.13121410816833812,-0.1312453633519337,0.2306099802809165
236,-0.13904796960084875,-0.14598868603754178,-0.14323345052629322,-0.16659780244793743
237,-0.1426096935185286,-0.15049927144938724,-0.14911460181272784,-0.19375669570509946
238,-0.14518625975685007,-0.1519135167566641,-0.15078110720467908,-0.3372829230757811
239,-0.14163536174773472,-0.14502442787348935,-0.14855551613284745,-0.27790732773017757
240,-0.14145132130214033,-0.14446730093425908,-0.14436237353374404,-0.5214361529725837
241,-0.14205757218174542,-0.14352447072940777,-0.1471578019331462,-0.22751603876519444
242,-0.14258804170139983,-0.14853861318248052,-0.14922211828962795,-0.25609324627576535
243,-0.13732665013911294,-0.14453158481186246,-0.14674923932092598,-0.2055231989944999
244,-0.1334076712388087,-0.1418102339933145,-0.14353449666161344,-0.4324806953389233
245,-0.13554037522599094,-0.14363161052541362,-0.1431474373447731,-0.47215885614470887
246,-0.13415465892975076,-0.14156381246250105,-0.14024449246847082,-0.30676226009891705
247,-0.12812462785939316,-0.1343104482729065,-0.13691148168456824,-0.46486316638502434
248,-0.13392731484989884,-0.13684966143824462,-0.13404079175133599,-0.34059211682010604
249,-0.13013824685236708,-0.13831747664352445,-0.1385887387242094,-0.34564745148783826
250,-0.1261218347749835,-0.1307105511271106,-0.1334602027760754,-0.4247112032599579
251,-0.12841692739063126,-0.1351782806205537,-0.13228827317786462,-0.44499377747867885
252,-0.12259258858299682,-0.12801062826776377,-0.13105183369351348,-0.20686110293262605
253,-0.12629504931201363,-0.13122482214793862,-0.13074003591050332,-0.43186153591124676
254,-0.12906648190449388,-0.12859989714579578,-0.13182595232719418,-0.005581094421503452
255,-0.127431769711273,-0.1347390074569298,-0.13424507305744604,-0.24438488582972306
256,-0.13380822985569063,-0.13514613868175196,-0.1324172929501447,0.11787100700930542
257,-0.13583267475722904,-0.14266735236136108,-0.14282488791407288,-0.33443083104679383
258,-0.13774886057312363,-0.14337447501499967,-0.14102936274984146,-0.09629630087808061
259,-0.13681783243658718,-0.14039598868603753,-0.13973916502704042,0.23482657350616187
260,-0.14835825096621247,-0.13485686123253626,-0.13885752991645972,0.8739673459895045
261,-0.13640644791114098,-0.13866032399074313,-0.14917911169886788,2.148699084806904
262,-0.16766084593649522,-0.17612711065398134,-0.17659581330838947,1.2720373747145435
263,-0.17834601768953462,-0.18096982943344475,-0.18075670096442276,-0.0050219334598455845
264,-0.1799157744313692,-0.18653038484614726,-0.18540141276650657,-0.26420046167891786
265,-0.17974255989433918,-0.18593040198851463,-0.18554118418647658,-0.3361138807997486
266,-0.18013229260265662,-0.18632681923373617,-0.1836488941930351,-0.35299138743669234
267,-0.18047872167671675,-0.187719636581812,-0.18888494661806932,-0.41049775222241736
268,-0.1836723647032078,-0.1850518556612668,-0.18601425668483695,-0.3040691330778347
269,-0.18819759448311701,-0.18939101739950281,-0.18996011138707014,-0.05870757118787062
270,-0.20114538112611102,-0.19094454444158737,-0.19018589598856017,0.19681476184938784
271,-0.19780017537971872,-0.20609411159681157,-0.20907654097990525,0.0002344269960932177
272,-0.2054432668261683,-0.21130110568269478,-0.20889376296917506,-0.3379441432837593
273,-0.203732773272997,-0.2119653724179309,-0.2156888043092604,-0.36795822127434263
274,-0.20763010035617246,-0.21187966058112628,-0.2124310550591879,-0.1781570945402633
275,-0.2211624860616428,-0.2190258849747151,-0.21814017998258228,-0.10861268701583715
276,-0.23075424104968023,-0.23084340447415796,-0.22826823210657043,-0.07384450376938811
277,-0.231241406935077,-0.23912531070540843,-0.2395789654764593,-0.3451520002375197
278,-0.24235961503069148,-0.23609325447844354,-0.2377404337214678,-0.10613048243715006
279,-0.23676262030290895,-0.24132167652352787,-0.24212710597899134,-0.12041753984021852
280,-0.2366651871258295,-0.23659681151967094,-0.23636422281714675,-0.041781199820870585
281,-0.2447304890062899,-0.24598225764978143,-0.24358933006483252,0.30667566437476657
282,-0.24840047200961346,-0.25055712693923027,-0.2525562042382995,0.3337089938319102
283,-0.2515291595847182,-0.2577997771492243,-0.25678160178047293,0.18282336699020485
284,-0.2611425663898843,-0.2678923459329733,-0.2676622692427615,0.8058214594101099
285,-0.25282826861244334,-0.2446644381589097,-0.26329710028061803,1.951541032765348
286,-0.2307650669582445,-0.23407902631353394,-0.23139696158436285,0.3144167035729395
287,-0.22697599896071285,-0.23479686294677293,-0.23612768656796657,-0.10133184223743563
288,-0.2313063623864634,-0.2335433273335048,-0.23783719855067798,-0.06234273597953377
289,-0.23102488876378957,-0.23301834233307617,-0.24079390166543024,0.41195874579701464
290,-0.21902978207446067,-0.22710422559355448,-0.2428152114311518,1.5441112433414075
291,-0.21191716014766537,-0.21746164395302992,-0.22131191605113487,0.3917683341704252
292,-0.2043823277868596,-0.210218993743036,-0.2127751077852681,-0.2814404332755204
293,-0.21045566249147474,-0.211451101397103,-0.21163543313012723,-0.17785029826041565
294,-0.20990354115469134,-0.20823690751692814,-0.21310840886365834,-0.27770753902374457
295,-0.20326725920472877,-0.20755121282249078,-0.21169994301626716,-0.10159657773698161
296,-0.2020547574455186,-0.20295491557384082,-0.2016686557214894,-0.4068421755814903
297,-0.1994240616643752,-0.2030834833290478,-0.20122783816619905,-0.0006067886099406783
298,-0.2061686026999816,-0.21069040884546153,-0.21395778903116902,-0.24801448375340507
299,-0.2005066525208128,-0.20877260649695728,-0.21506520874323998,-0.07240639620760214
300,-0.19726970586006431,-0.20556912659638293,-0.20882925308303502,-0.2389621378752378
301,-0.19227896201188688,-0.19934430444844442,-0.19978711737573784,0.048936480799253834
302,-0.18971322168212967,-0.19498371475100718,-0.19528217699362427,-0.3568121144943923
303,-0.1893992703337628,-0.19272306505528414,-0.1948628627337139,0.3139342416812436
304,-0.2015784174686861,-0.1986907516928088,-0.19620681869496504,0.07558878907013522
305,-0.20321312966190686,-0.20598697180080572,-0.2076788267802041,-0.1969514593853683
306,-0.20429572051834455,-0.2072833633324762,-0.2064208840004731,-0.003671040163096828
307,-0.22069697199337457,-0.21337961772520786,-0.2118719693793074,0.16916289150545438
308,-0.2205562351820377,-0.22484357589783155,-0.22883806943414076,-0.23708734044737823
309,-0.22436695499669812,-0.2203437044655867,-0.224042834564397,0.06544038874057656
310,-0.22237498782085297,-0.2280577697780064,-0.23092388908600248,-0.07482303545228952
311,-0.22215846964956532,-0.22262578212051076,-0.22396757303056702,0.0024636483520834584
312,-0.2085611284927088,-0.2116118110911117,-0.2256770850132782,0.031724962083443664
313,-0.21585779086509838,-0.21500814262449652,-0.21480716919867981,-0.3046239642532851
314,-0.21336783189529185,-0.21649738578897748,-0.22068832048511433,-0.23220457868706035
315,-0.2075434930876574,-0.21212608211193962,-0.21720478663355158,-0.1632508777095184
316,-0.19831981899080886,-0.20630839118882327,-0.2145383780064296,-0.08146802019907118
317,-0.20433902415260197,-0.20716550955686985,-0.20504467309615204,0.006922091064063496
318,-0.2132812246267768,-0.21328319190880263,-0.21606511197841072,0.17452625953480783
319,-0.2289787920451224,-0.22217579497728634,-0.22031201281596413,0.22623132934333223
320,-0.22594753764709707,-0.2312183937601784,-0.23156898794740288,-0.08466587658377389
321,-0.23485726039557875,-0.2338968886603241,-0.23516003827586585,-0.00404154615428387
322,-0.22865401478819114,-0.23569683723322188,-0.23831027104903824,0.18932856149657207
323,-0.229281917484925,-0.23351118539470306,-0.2318915373781033,0.034376646865110994
324,-0.23772612616513844,-0.23704679866289535,-0.2389123633196788,0.7977012546483349
325,-0.21697285944722922,-0.2186723236478958,-0.24194432796826126,0.9262618852631397
326,-0.21477520000866068,-0.22093297334361883,-0.2243116257566472,1.0347112774848641
327,-0.19409771465070214,-0.20117639496014394,-0.22010773150985385,0.7036620094661497
328,-0.20391681371859138,-0.2019370875117854,-0.20200195679987953,0.5272782716483124
329,-0.1946498359874853,-0.1922516499528586,-0.20677568837424343,3.3164912897072325
330,-0.15849130138246859,-0.16250964258164058,-0.16137148017933756,1.0577636777946298
331,-0.15648850829805894,-0.16467386646095827,-0.16683331720586192,0.055373635808074084
332,-0.1442119279860563,-0.1525777834919002,-0.16540334806309065,0.35544946892079454
333,-0.1553734397159281,-0.15514913859604018,-0.15311421475341103,0.032778337213646536
334,-0.1604507908326207,-0.1633131910516843,-0.16137148017933756,-0.03763388317494565
335,-0.16060235355252195,-0.16472743635896114,-0.16632798976443142,-0.16620008065773162
336,-0.166069437377532,-0.16886303248478618,-0.17006956316055444,0.09418645791324098
337,-0.17893061675201105,-0.18046627239221746,-0.1782300637572708,-0.15472738428955635
338,-0.17133082893981877,-0.17800205708408334,-0.1855196808910966,-0.02020896785319304
339,-0.17087614078011504,-0.17809848290048857,-0.18344461288692493,-0.2752321383948122
340,-0.17147156575115563,-0.17570926544955856,-0.18274575578707442,-0.2243324088208879
341,-0.17956934535730906,-0.17671637953201347,-0.1741981958735176,-0.2224211174807077
342,-0.1792553940089422,-0.1826626382103369,-0.18441226117902565,-0.24405211083263023
343,-0.16693551006268204,-0.17240935973257898,-0.17736993194207018,-0.16872187185317322
344,-0.18030550713968674,-0.17498071483671895,-0.17247793224311636,-0.021949541908619197
345,-0.168202141364714,-0.17600925687837488,-0.17975679772925202,0.004399681327735161
346,-0.16834287817605087,-0.16719165166709526,-0.1739079013858874,0.2477386145178968
347,-0.18407292332008973,-0.1780449130024857,-0.17654205506993947,0.22911558549843258
348,-0.18137727208756005,-0.1875589268878033,-0.19009988280704027,-0.33042021193684945
349,-0.18675774864405492,-0.18835176137824639,-0.18842262576739888,-0.05457942930943627
350,-0.17360426973833776,-0.17996271535098995,-0.18549817759571663,-0.2423956583378074
351,-0.17891979084344656,-0.18038056055541274,-0.1828210173209045,-0.3176782696689816
352,-0.18382392742310905,-0.1821590811691094,-0.1805524196583127,-0.11193981844587886
353,-0.17546632601141054,-0.18344475872117938,-0.18780978184906838,0.7387611120870312
354,-0.17977503762003233,-0.18001628524899282,-0.18450902600823582,0.377689725046205
355,-0.18908531898539593,-0.18680894831576245,-0.18571321054951673,-0.10455629588027027
356,-0.19236556928040194,-0.19322662209651154,-0.19301357933103247,-0.07739802116399497
357,-0.19350228967966132,-0.19188737464643868,-0.1933683837048028,0.014087268696635347
358,-0.19893689577897822,-0.20191565955258428,-0.19914201851433733,0.06842484851933683
359,-0.21210120059325988,-0.2108725464986715,-0.21279661108064818,0.37845918990937144
360,-0.22577432311006707,-0.22190794548727177,-0.2200647249190939,0.20902475895461636
361,-0.23310346320814979,-0.2261828233479044,-0.23283768237482405,0.5698103801057457
362,-0.21495924045425518,-0.22086868946601523,-0.23362255265619458,0.9079029732023347
363,-0.2045122386896321,-0.21252249935716128,-0.21489318238019972,0.4976730491838972
364,-0.19944571348150397,-0.20609411159681157,-0.2134202066466686,0.25276364068217627
365,-0.19577573047818042,-0.2038227479214879,-0.20493715661925194,0.10183347889662198
366,-0.2191272152515401,-0.204669152309934,-0.2020449633906397,0.8564447012076393
367,-0.21945199250847125,-0.2172366503814177,-0.22887032437721078,0.38396915212889393
368,-0.2058113477173572,-0.21127967772349365,-0.2206560655420443,0.3116969792937252
369,-0.21736259215554676,-0.21840447415788122,-0.21607586362610076,0.1125342362380839
370,-0.2307001115068582,-0.22728636324676432,-0.22491371802728777,0.13420048642055327
371,-0.2139307791406394,-0.21691523099340027,-0.2287950628433808,0.2702250499162495
372,-0.2102391443201871,-0.2126939230307705,-0.21615112515993085,0.14486474984969466
373,-0.2249732058763032,-0.22427573497900066,-0.2236127686567967,0.06499380222031426
374,-0.20542161500903966,-0.211451101397103,-0.22855852659420062,0.4415151035313736
375,-0.21295644736984554,-0.2138510328276335,-0.21301164403444828,0.5075542398503625
376,-0.2219960810210998,-0.22550784263306767,-0.2284187551742305,0.3305847438127356
377,-0.228967966136558,-0.23287906059826868,-0.23997677644098958,0.43327861308288207
378,-0.24614868302822313,-0.23682180509128303,-0.24054661376856,0.9961897881373754
379,-0.22942265429626185,-0.22514356732664775,-0.24001978303174965,0.8628354656499504
380,-0.24981866603154668,-0.2275649267163795,-0.24628799363502463,1.5965876336357585
381,-0.255523919844973,-0.24517870917973772,-0.24291197626036198,1.7452434205805871
382,-0.21458033365450202,-0.22139367446644376,-0.2433420421679623,2.3679260571482295
383,-0.19391367420510763,-0.20155138424616437,-0.21509746368631,2.2255837170348634
384,-0.14878046140022305,-0.1520635124710723,-0.19429302540614357,3.0477173367113917
385,-0.13338601942168005,-0.1317926630667695,-0.1603930802395468,3.1915639682614296
386,-0.1650409760639162,-0.16689166023827884,-0.17129525099721532,2.1561920891094744
387,-0.18918275216247527,-0.1802734207594069,-0.18142330312120336,1.3252325095193442
388,-0.20084225568630842,-0.19520870832261938,-0.19545420335666452,0.9135112834228569
389,-0.20333221465611506,-0.21156895517270935,-0.22848326506037053,0.2883761322390932
390,-0.20406837643849263,-0.20774406445530125,-0.21105484415486675,-0.04555801047560848
391,-0.19472561734743588,-0.19381589097454355,-0.21123762216559694,0.3977650880678514
392,-0.19671758452328114,-0.19799434301877095,-0.19850767130062685,0.4541679759115438
393,-0.22035054291931455,-0.2096618668038056,-0.21871001731015283,0.604668870321666
394,-0.23579911444067947,-0.22114725293563042,-0.2274296035867498,1.5447897826942159
395,-0.22037219473644332,-0.2228614896717237,-0.22687051790686918,0.4895658337807445
396,-0.2313713178378496,-0.22413645324419307,-0.2361061832725866,1.3367330402274251
397,-0.21572787996232579,-0.2072833633324762,-0.21363523960046882,0.7045285852485421
398,-0.18877136763702895,-0.19323733607611215,-0.22634368717005882,0.580115889820549
399,-0.19807082309382817,-0.19823005056998366,-0.19863669107290693,0.4478514363756474
400,-0.2075976226304792,-0.21243678752035655,-0.21182896278854735,0.5740665599477457
401,-0.19043855755594297,-0.19632296220108003,-0.21415131868958925,0.4692498583541369
402,-0.19185675157787618,-0.19076240678837753,-0.2033029061703706,0.9524632772275512
403,-0.18765629905489822,-0.17959844004457015,-0.183595135954585,0.49086971797009715
404,-0.17279232659600963,-0.1758806891231679,-0.18122977346278324,0.3983941441497165
405,-0.17484924922324108,-0.1833804748435759,-0.18347686782999495,1.073913161807822
406,-0.14711327148130904,-0.1553848461472529,-0.16351105806964916,0.012898433112225494
407,-0.14046616362278208,-0.14667438073197903,-0.15029728305862877,-0.11655042221600931
408,-0.14801182189215234,-0.144285163281049,-0.14636218000408563,0.18851394314866998
409,-0.16640504054302763,-0.16128824890717408,-0.15896311109677563,-0.03646484089891311
410,-0.16800727501055535,-0.1758806891231679,-0.17659581330838947,-0.6776529837175297
411,-0.16565805285208557,-0.1729879146310106,-0.17372512337515733,-0.05379202676055295
412,-0.17260828615041524,-0.1746592954487014,-0.1752088507563785,0.12384858613924088
413,-0.17392904699526912,-0.17893417330933403,-0.18201464374415388,0.0777258478339935
414,-0.1694038172153598,-0.17058798320047996,-0.18626154458170718,1.0966692810328147
415,-0.15432332658518377,-0.1626060683980457,-0.1723059058800761,0.12916989338829277
416,-0.1701183271806086,-0.16270249421445104,-0.16503779204163038,0.6428507807223074
417,-0.16879756633575482,-0.16993443044484446,-0.18277801073014444,0.5273747640266517
418,-0.18669279319266874,-0.1812912488214623,-0.18014385704609237,0.6658295746665446
419,-0.18913944852821774,-0.18848032913345325,-0.19317485404638268,0.3355312152843928
420,-0.1733444479327928,-0.17923416473815035,-0.18283176896859454,0.0038547468064733525
421,-0.16521419060094622,-0.16849875717836627,-0.18013310539840233,0.43963597631730655
422,-0.17235929025343455,-0.16575597840061718,-0.16659678095668162,-0.038712618481506866
423,-0.15551417652726518,-0.16323819319448019,-0.16890838521003348,0.13272588494644677
424,-0.1667189918913945,-0.16171680809119748,-0.16222086034684813,0.5401655710245759
425,-0.15497288109904628,-0.15950972829347732,-0.17405842445354747,0.29738579879607197
426,-0.14989552998235378,-0.1503278477757779,-0.1636830844326893,0.4434134055129313
427,-0.16971776856372667,-0.15895260135424705,-0.1572966057048243,0.24580938549199982
428,-0.1643805956414892,-0.16963443901602815,-0.179810555967702,-0.011991033631305048
429,-0.1673144168624352,-0.17073797891488818,-0.1700050532744143,-0.5532161651949516
430,-0.164575461995648,-0.17180937687494646,-0.1729187497984066,-0.2697240317979499
431,-0.1632005716079722,-0.16860589697437212,-0.17252093883387631,0.4606781187450053
432,-0.15831808684543847,-0.16120253707036947,-0.16491952391704023,0.07046294074130888
433,-0.16716285414253396,-0.16503814176737808,-0.16459697448634003,0.7111636733411353
434,-0.1774691190958202,-0.18227693494471586,-0.18293928544549454,-0.1329423742568231
435,-0.18852237174004827,-0.18455901259964003,-0.18286402391166445,0.11267897480559252
436,-0.18538285825637912,-0.19114811005399845,-0.19794858562074635,0.19124851240916718
437,-0.1986554221563045,-0.19461943944458726,-0.19317485404638268,0.5583667551592495
438,-0.18368319061177218,-0.1907409788291763,-0.20430280940554135,0.46876306667623346
439,-0.17703608275324512,-0.17952344218736616,-0.18660559730778747,-0.007770110619852222
440,-0.1746543828690823,-0.17600925687837488,-0.17723016052210006,0.29478359728534786
441,-0.18428944149137716,-0.18509471157966917,-0.184745562257416,-0.0860013063583529
442,-0.1788331835749316,-0.18220193708751187,-0.18849788730122896,0.09823480801727946
443,-0.1778913295298309,-0.18250192851632818,-0.18115451192895315,0.03482694463069391
444,-0.17851923222656474,-0.17893417330933403,-0.182154415164124,0.4051238689979886
445,-0.18816511675742398,-0.18584469015171,-0.1879172983259686,0.28865200147460146
446,-0.19300429788570017,-0.19463015342418788,-0.1948951176767839,0.11800523038173871
447,-0.2048045382208703,-0.1984014742435931,-0.19605629562730487,0.22531527028999676
448,-0.1928635610743633,-0.2004049884289021,-0.20718425098646376,0.23201654225747625
449,-0.2025310974223512,-0.19989071740807407,-0.1991635218097173,0.12749241050331905
450,-0.20646090223121982,-0.20998328619182305,-0.20768957842789415,0.21500604932987288
451,-0.21342196143811365,-0.21149395731550524,-0.21209775398079755,0.1900541099567763
452,-0.22051293154778018,-0.21257606925516415,-0.213925534088099,0.4857630444087615
453,-0.18799190222039397,-0.1937730350561413,-0.22660172671461898,2.9013934489097597
454,-0.2687748319277695,-0.26282463358189767,-0.2676622692427615,1.5561517602436554
455,-0.2603631009732492,-0.26619953715608125,-0.2777043081852295,-0.011837016950494439
456,-0.24447066720074484,-0.2521642238793177,-0.2688879570794225,0.6164601152465381
457,-0.24868194563228718,-0.24976429244878717,-0.24743841993785542,-0.07572301244256852
458,-0.24716631843327452,-0.25407131224822144,-0.2524164328183294,0.12017630889437059
459,-0.2581546156261164,-0.2562783920459416,-0.25488931178703145,0.44952520801530027
460,-0.25980015372790166,-0.2606925516413817,-0.26844713952413213,-0.03371790082068005
461,-0.270052289138366,-0.26238536041827376,-0.2654796847616898,0.29665220930433933
462,-0.2755410247805047,-0.2736136110396846,-0.27272629530475556,-0.1767301207144395
463,-0.2773814292364487,-0.2777920630839118,-0.27830640045586985,-0.011859902963305635
464,-0.27525955115783085,-0.28013842461643956,-0.28286509907643353,0.2134893870754644
465,-0.2666529538491519,-0.2727993485900403,-0.27963960476943095,0.3525045957587889
466,-0.2753678102434747,-0.2727350647124368,-0.27787633454826954,0.3228968991308263
467,-0.2837578893808663,-0.2789170309419732,-0.2778333279575096,0.15901139847146184
468,-0.30929620768422994,-0.294741578812034,-0.29362749841413194,0.5088902881658284
469,-0.3093719890441805,-0.3101911373960744,-0.3097442183014547,0.31459422480744825
470,-0.3159866191770144,-0.31504457015513854,-0.31364706641292783,0.6376828716131793
471,-0.32283941929826465,-0.3200051427102083,-0.3305916631723812,0.3029353476323491
472,-0.30817031319353483,-0.31125182137653207,-0.3288283929512198,0.4735499545990989
473,-0.28702731376730795,-0.2943987314648152,-0.31173327312410637,0.49933816125113495
474,-0.2974310118976735,-0.2963379617725208,-0.2958638411336538,0.19665332267793567
475,-0.29317642983187364,-0.2925773549327162,-0.29760560805943514,-0.09817047976505344
476,-0.28822898961795373,-0.29414159595440126,-0.2977023728886452,0.6812442321062306
477,-0.2795249591321952,-0.28323476472100795,-0.2828866023718135,0.20904145955855968
478,-0.2800121250175922,-0.282334790434559,-0.2894021008719587,1.2435776899724624
479,-0.2773814292364487,-0.26931730521985087,-0.2778440796051995,0.4768313140035183
480,-0.2794816554979377,-0.2842311648238621,-0.2844563429345548,-0.18810446908161527
481,-0.28905175866884625,-0.28339547441501667,-0.2849401670806051,0.09934508890906701
482,-0.290220956793799,-0.2972486500385704,-0.29848724317001585,-0.07365646733980413
483,-0.29608859923569086,-0.297902202794206,-0.29544452687374345,0.07911570920660993
484,-0.3029197475398123,-0.2983414759578298,-0.29998172219892694,-0.14356705106920975
485,-0.2942806725054401,-0.29570583697608643,-0.30822823597716353,0.2673333712705077
486,-0.30605926102348147,-0.3089054598440045,-0.30772290853573314,0.20902970728171066
487,-0.31829253770122656,-0.32019799434301877,-0.3237643668892257,0.25253911034027166
488,-0.29855690638836874,-0.3022520785120425,-0.31506628390800895,0.06918627235097485
489,-0.3093070335927943,-0.3088840318848034,-0.3066154888236623,0.1637778745450631
490,-0.31384308928126803,-0.3095482986200394,-0.3231192680278253,0.5914339509670268
491,-0.29161749899860345,-0.28815248135767557,-0.30348675934586977,0.2042026142012039
492,-0.27925431141808577,-0.2853775606411245,-0.29072455353782967,0.2011031058175008
493,-0.27250977038247937,-0.27789920287991776,-0.28183294089819266,0.8239137803487087
494,-0.30378582022496237,-0.2902202794205879,-0.29067079529937967,1.713529592233106
495,-0.3001374890387676,-0.3068055198422902,-0.34149383393004973,1.2090996024019178
496,-0.3497959316235615,-0.30966615239564577,-0.335429904632885,3.013977786959674
497,-0.27353823169609515,-0.2790670266563813,-0.30756163382038304,1.8415582776852717
498,-0.2539866408288316,-0.25413559612582504,-0.26944704275930287,0.7875070822931538
499,-0.2528932240638295,-0.24980714836718942,-0.25379264372265053,0.5523502079534461
500,-0.25185393684164936,-0.25456415530984833,-0.259501768646045,-0.14298438555385384
501,-0.2551341871366555,-0.25565698122910774,-0.25371738218882045,-0.23675085420496467
502,-0.259464550562406,-0.2583140481700523,-0.25881366319388444,-0.14650326465880048
503,-0.2538783817431878,-0.2564176737807492,-0.26188863443322696,0.12435145988020091
504,-0.24815147611263277,-0.25430701979943426,-0.2565558171789827,0.8137647614782633
505,-0.2426410886533652,-0.245735836118968,-0.2578137599587137,2.398270435972359
506,-0.2778144655790237,-0.28042770206565526,-0.2870152350847768,0.06569337196327352
507,-0.27706747788808184,-0.28344904431301965,-0.28567127912352575,-0.14817518067579305
508,-0.2703445886696041,-0.2770742264506728,-0.27947833005408085,0.2574837261892686
509,-0.27926513732665015,-0.27154581297677216,-0.2761023126794182,0.12722087105401836
510,-0.2807915904342272,-0.28430616268106623,-0.28901504155511837,-0.19007637742870076
511,-0.2880232973552306,-0.2857311219679438,-0.2853164747497554,-0.030494684259618876
512,-0.28040185772590964,-0.2875203565612411,-0.2930791643819416,0.08003053117817194
513,-0.28826146734364677,-0.28425259278306336,-0.28548850111279567,0.22492435244954567
514,-0.2830433794156175,-0.28930959115453836,-0.28885376683976827,0.13675753444654193
515,-0.2835846748438363,-0.2884846147252935,-0.2907568084808998,0.06277262189585264
516,-0.2946162756709356,-0.2853025627839204,-0.2922512875098109,0.805588888036677
517,-0.26733498608870754,-0.2738171766520957,-0.2960143642013139,1.555277143429735
518,-0.2510095159736281,-0.25423202194223016,-0.2745540754120569,1.3576292070058416
519,-0.24866029381515853,-0.23573969315162424,-0.25265296906750956,1.5700293435796695
520,-0.25855517424299834,-0.2440215993828747,-0.25238417787525935,1.3382268164690223
521,-0.2541165517316041,-0.2523785034713294,-0.25508284144545146,2.168013023996912
522,-0.263838217622414,-0.24680723407902627,-0.24779322431162576,6.953282843902548
523,-0.36181269013001915,-0.3523399331447673,-0.3529873453106689,2.483655675607469
524,-0.3680484134630999,-0.36927873489328866,-0.37214678149426395,0.2824393768076858
525,-0.37805155297658355,-0.36818590897402925,-0.37191024524508387,1.3143220668172608
526,-0.39427958991458356,-0.386249678580612,-0.3852960466191444,0.29252839721211243
527,-0.40055861688192185,-0.4007778349190023,-0.4020901203109376,0.3433161708855279
528,-0.4060365266154963,-0.4119310876832091,-0.41441150856368747,-0.07941075320960866
529,-0.40933842872763093,-0.41257392645924407,-0.41758324463223984,-0.14451774841220555
530,-0.40735728746035016,-0.40965972400788553,-0.4086271221064629,0.03899962145297731
531,-0.41296510809669706,-0.4122525070712265,-0.41336859873775655,-0.20784272731996134
532,-0.4102694568641674,-0.4128739178880604,-0.41151931533507513,-0.1301997639647976
533,-0.41143865498912,-0.41522027942058803,-0.4158629810018386,-0.04870081672138693
534,-0.4098905500644141,-0.4151238536041828,-0.41936801814878133,0.06727003268370035
535,-0.4080934492427277,-0.4097668638038914,-0.41806706877829025,0.16769138273578155
536,-0.394063071743296,-0.40001714236736097,-0.4053693728563903,0.3507405171496647
537,-0.3934243431379979,-0.3966529527727779,-0.4001118171359761,-0.1740809100963192
538,-0.39106429507096385,-0.39718865175280704,-0.3994452149791955,-0.10549338532375663
539,-0.3939764644747811,-0.3947672923630754,-0.3942629207926115,-0.029009567590436824
540,-0.3943878490002274,-0.39400659981143393,-0.39825178208560474,0.07475747011828981
541,-0.39751653657533215,-0.40225636410388277,-0.40057413798664654,0.8336576549383068
542,-0.4067402106721807,-0.40296348675752125,-0.40201485877710763,0.27394866605472346
543,-0.4095332950817898,-0.41248821462243934,-0.4123149372641357,-0.24411272783953564
544,-0.4105509304868411,-0.4142774492157366,-0.4141749723145072,0.005963352689539514
545,-0.4124454644856069,-0.41710593983029065,-0.4161855304325388,-0.16034249845983317
546,-0.40766041290015265,-0.4119632296220108,-0.411379543915105,-0.2123605499570732
547,-0.39971419601390046,-0.40555626982086224,-0.40861637045877286,-0.19988025048431757
548,-0.4092301696419872,-0.4056098397188652,-0.40586394865013065,-0.062412631099740934
549,-0.4116984767946651,-0.41625953544184446,-0.4170886688384996,-0.07166538422522806
550,-0.4049972393933161,-0.4108704037027514,-0.4156694513434184,-0.15456841928165133
551,-0.40240984724643014,-0.40716336676094966,-0.4091647044909633,-0.2454784661175673
552,-0.4022149808922715,-0.40434559012599636,-0.4068423485899214,-0.16910351158032244
553,-0.39905381559147346,-0.40217065226707804,-0.4029717554215184,-0.1739516350509801
554,-0.40735728746035016,-0.40131353389903146,-0.4044124762119795,-0.014770756376538019
555,-0.4059499193469812,-0.41012042513071045,-0.4095087572170435,0.02708714251429445
556,-0.401110738218705,-0.40650981400531405,-0.41369114816845676,0.3436452346373
557,-0.4004720096134069,-0.40455986971800806,-0.4041651883151094,-0.2717806802465257
558,-0.4060040488898031,-0.40506342675923546,-0.4040899267812792,0.07764481897782405
559,-0.4017819445496963,-0.40716336676094966,-0.41168059005042523,0.15896562644583923
560,-0.3997466737395936,-0.4019028027770635,-0.403799632293649,-0.24953176454870019
561,-0.4043585107880179,-0.4025777834919002,-0.4013375049726371,0.0567845275708414
562,-0.4035790453713829,-0.4042384503299906,-0.4059607134793407,-0.04623345712398286
563,-0.4067402106721807,-0.40708836890374567,-0.4094334956832135,0.45745180947951014
564,-0.4112654404520899,-0.41250964258164047,-0.41223967573030573,-0.17408956966873423
565,-0.4041528185252947,-0.4100882831919088,-0.41243320538872585,0.03418613627197975
566,-0.4111030518236243,-0.41106325533556176,-0.40951950886473354,-0.018478908992842213
567,-0.41489211982115604,-0.41733093340190275,-0.41995935877173174,-0.2503779284818285
568,-0.412358857217092,-0.41827376360675406,-0.4207764839961724,0.09118220482610351
569,-0.4062097411525263,-0.4071205108425474,-0.4131965723747165,-0.32398243838714225
570,-0.40579835662707997,-0.40773120767978066,-0.40978830005698375,-0.1270755139456229
571,-0.41983956003507594,-0.41587383217622353,-0.4172176886107797,-0.015146829235706094
572,-0.41254289766268637,-0.4172345075854976,-0.4247008354030255,0.2072235678922849
573,-0.4044018144222754,-0.40793477329219163,-0.41614252384177886,-0.11770276388809853
574,-0.4035032640114322,-0.40356346961515377,-0.4056059091055704,0.09045789344767274
575,-0.40402290762252224,-0.4094240164566727,-0.40741218591749195,0.13104283519349202
576,-0.39530805122819945,-0.3988278906316962,-0.409981829715404,0.4610084195785509
577,-0.393196999058146,-0.3937601782806205,-0.39641325033061325,0.03980681731023794
578,-0.3890723278951186,-0.39162809634010454,-0.39320925931899064,0.15035430021995322
579,-0.3799244351582207,-0.38338904602725643,-0.3913277209732392,0.48641869774875857
580,-0.3720431737233548,-0.3735536127539213,-0.38322097861497284,1.8504856783043073
581,-0.40413116670816607,-0.39876360675409284,-0.40063864787278647,1.4179722002983843
582,-0.41208820950298264,-0.40965972400788553,-0.4095410121601136,-0.01632205692060662
583,-0.40856978921956033,-0.4131203394188738,-0.41627154361405894,-0.09916509351101122
584,-0.42216713037641684,-0.41523099340018865,-0.41454052833596755,0.19134933457371406
585,-0.418313106927499,-0.42165938116053836,-0.42721672096248753,0.5226608639284274
586,-0.4171872124368038,-0.4158416902374218,-0.4156264447526584,-0.018939721953500577
587,-0.4176094228708144,-0.4180273420759406,-0.4182928533797805,0.452387815239363
588,-0.4082883155968864,-0.4144060169709436,-0.4196475609887216,0.4599599927754425
589,-0.40776867198579647,-0.40722765063855326,-0.410121601135374,-0.09304772414066109
590,-0.40504054302757353,-0.41089183166195253,-0.4102291176122741,-0.19266868228523637
591,-0.4054302757358911,-0.41140610268278055,-0.4107882032921546,0.0009840985508824396
592,-0.40890539238505597,-0.4091240250278564,-0.4099065681815738,-0.12209502272519213
593,-0.40999880915005793,-0.4105596982943345,-0.4141857239621972,-0.15512510607976204
594,-0.41665674291714927,-0.41550955686980373,-0.415164123901988,0.0427943697934321
595,-0.4073789392774789,-0.4128739178880604,-0.4180025588921503,0.47708738993064914
596,-0.3993461151227117,-0.4016242393074484,-0.40920771108172327,0.2031176934857748
597,-0.3959792575591906,-0.3973922173652181,-0.4036061026352288,0.0803571207663969
598,-0.3934784726808198,-0.39770292277363506,-0.39668204152286346,-0.2334113519571871
599,-0.39176797912764827,-0.3956565526699237,-0.4005418830435765,0.06860917370360009
600,-0.3887150729124942,-0.3923137910345418,-0.3939941296003613,0.5414911041449662
601,-0.37472799904732,-0.37851418530899117,-0.39038157597651846,0.6412679345930126
602,-0.38450379448095184,-0.3765749550012857,-0.3790493393112495,1.4480883375352875
603,-0.38725357525630344,-0.38968886603239905,-0.3921340945499898,-0.06496040101242773
604,-0.3864849357482326,-0.3924102168509471,-0.3925856637529701,0.3707101096796701
605,-0.38885580972383116,-0.3925602125653552,-0.39396187465729127,-0.2373582613557922
606,-0.39620660163904253,-0.3930423416473815,-0.39128471438247914,0.0924799036065882
607,-0.39560035075943756,-0.3993314476729236,-0.40047737315743637,-0.10648057657907306
608,-0.3970726743241927,-0.3959994000171424,-0.39614445913836294,0.1398186932952643
609,-0.39458271535438616,-0.3953458472615068,-0.40543388274253034,0.09565487397847972
610,-0.3953946584967143,-0.3980457701208536,-0.39664978657979344,0.10103803531621036
611,-0.3939656385662167,-0.39553869889431736,-0.402541689513918,0.253261566096042
612,-0.384568749932338,-0.3895602982771921,-0.39806900407487444,0.239570782107839
613,-0.38192722824263037,-0.3834640438844604,-0.38274790611661236,-0.27368207493251717
614,-0.36993212155330135,-0.37561069683723325,-0.3840381038394134,0.16262120308676642
615,-0.37250868779162294,-0.3751607096940087,-0.3748561967121461,0.11083077463586499
616,-0.37537755356118263,-0.37684280449130025,-0.3781999591437387,0.17408338425986636
617,-0.3760487598921739,-0.3776784949001457,-0.37769463170230844,0.5626074714790796
618,-0.38617098439986575,-0.3828854889860289,-0.38175875452913166,0.5589110711396246
619,-0.3957519134793388,-0.389924573583612,-0.39508004601705216,1.1132109199682318
620,-0.4091868660077297,-0.3998778606325534,-0.398671096345515,0.671040163096861
621,-0.41708977925972435,-0.41119182309076874,-0.41153006698276506,0.26295348325115
622,-0.42454883026057966,-0.42208794034456165,-0.42086249717769253,-0.12082268412106578
623,-0.41648352838011937,-0.4221950801405675,-0.42478684858454563,0.017670476053808004
624,-0.4071948988318844,-0.4133239050312848,-0.41747572815533984,0.18248440658424414
625,-0.41272693810828076,-0.41409531156252677,-0.4124762119794858,-0.04641468960381223
626,-0.4112654404520899,-0.41335604697008665,-0.4165618381016891,-0.03621866162597076
627,-0.4033192235658378,-0.40751692808776896,-0.4140244492468471,0.21152304559635993
628,-0.4072706801918351,-0.40800977114939574,-0.40741218591749195,0.4653944930067768
629,-0.4157690184148706,-0.41250964258164047,-0.4129492844778463,0.5027574552733085
630,-0.4156932370549198,-0.41935587554641296,-0.42156135427754304,0.18471362794023416
631,-0.42389927574671704,-0.4203737036084684,-0.41923899837650125,0.46684991971339285
632,-0.4250792997802342,-0.42800205708408334,-0.43093679106323046,-0.06248561892438209
633,-0.425133429323056,-0.4212093940173137,-0.42599103312582653,0.32795903774831325
634,-0.4284678091608839,-0.43141981657666917,-0.43034545044027994,0.026005314503299237
635,-0.42282751079884384,-0.4249271449387161,-0.43435581502865317,0.048322888239558326
636,-0.4262918015394441,-0.42417716636667524,-0.4266146286918471,0.45548608654129263
637,-0.4215500535882474,-0.42519499442873065,-0.4277973099377479,1.33119462512711
638,-0.4381353455088719,-0.41812376789234595,-0.42204517842359346,2.745540320206246
639,-0.44473914973314144,-0.4480264849575726,-0.4481931856056941,1.443766592359288
640,-0.4316398003702461,-0.4367768063769606,-0.4490533174208948,0.1078543558886329
641,-0.4247112188890453,-0.4291805948401475,-0.43963487404444723,0.2107566734376276
642,-0.4137770512390253,-0.41983800462843923,-0.4229375651818641,-0.04338755050386345
643,-0.4175336415108638,-0.4156488386046113,-0.41731445343998963,0.42158633469989626
644,-0.43380498208312135,-0.42268792320219417,-0.42231396961584367,0.7340181405671278
645,-0.4469692868974029,-0.4408909745435845,-0.44049500585964807,0.4336472634514086
646,-0.4448798865444783,-0.44757649781434816,-0.45173047769570684,0.44961984477097916
647,-0.45529441058340825,-0.45267635210422563,-0.45117139201582646,0.5357491890928974
648,-0.44908033906745626,-0.45385488986028977,-0.45810620477588193,0.5814123515192602
649,-0.4582498836214829,-0.4554512728207766,-0.4560418884194003,0.6329225809484458
650,-0.4559223132801421,-0.45508699751435666,-0.46048231891537383,0.8867321742701837
651,-0.45952734083207936,-0.4640010285420417,-0.4655785999204378,0.7671329640231879
652,-0.44984897857552697,-0.45508699751435666,-0.4616434968658947,0.29895070723965
653,-0.457069859587966,-0.4562655352704209,-0.45498822694577945,1.2652352805825169
654,-0.4468502019031948,-0.4519906574097883,-0.45688051693922094,0.4510196027977842
655,-0.4365114592242154,-0.44157666923802175,-0.45527852143340974,0.6897380355636269
656,-0.4293122300289052,-0.4343125910688266,-0.4414949090948188,0.2736492922655174
657,-0.42341210986132016,-0.4259449730007715,-0.4306464965756003,-0.1786581126585629
658,-0.4178475928592307,-0.42315933830461994,-0.4294530636820093,-0.2352082132333112
659,-0.42085719544012734,-0.42375932116225246,-0.4244858024492254,-0.3513788513448316
660,-0.4148596420954629,-0.4172345075854976,-0.42230321796815373,0.37231460474000255
661,-0.4187244914529452,-0.41796305819833723,-0.41777677429066007,-0.31127699003159504
662,-0.41667839473427803,-0.4211343961601097,-0.42271178058037406,-0.5436108437639945
663,-0.42134436132552433,-0.41898088626039265,-0.42073347740541245,0.7796794473708302
664,-0.4363923742300072,-0.4289770292277363,-0.4276897934608479,1.0532223506038196
665,-0.44031135313031144,-0.44200522842204515,-0.4408713135287984,2.013567694351732
666,-0.44139394398674914,-0.4468908031199109,-0.4466987065767829,1.3979172491260017
667,-0.458856134501088,-0.4545834404731294,-0.4554828027395199,1.25114058939524
668,-0.443981336133635,-0.4476086397531499,-0.4643959186745369,1.6905798697105476
669,-0.4329822130322287,-0.43711965372417927,-0.4453870055586019,0.6217999787221935
670,-0.4289982786805382,-0.42975914973857887,-0.43929082131836705,0.4668963102799022
671,-0.42621602017949356,-0.42461643953029915,-0.42789407476695807,0.2824146351722141
672,-0.41983956003507594,-0.4221307962629639,-0.43226999537679156,0.432666876145847
673,-0.43068712041658097,-0.42503428473472193,-0.42359341569095466,0.3414995163010266
674,-0.42707126695607933,-0.4280663409616867,-0.4293778021481792,0.99901157166291
675,-0.4189734873499258,-0.4233736178966315,-0.4322269887860314,0.8989935102690159
676,-0.4179558519448745,-0.41856304105596975,-0.4166370996355191,0.010502824257689003
677,-0.41810741466477575,-0.4199451444244451,-0.4226687739896139,0.004496173706074247
678,-0.4159963624947224,-0.4194630153424188,-0.42092700706383257,0.28283771713877837
679,-0.4098905500644141,-0.4120275134996143,-0.4197873324086917,0.23361732607248809
680,-0.4078228015286183,-0.4111596811519671,-0.4096485286370136,-0.25152779599037056
681,-0.4054086239187624,-0.4108596897231508,-0.41110000107516476,-0.08437763653052999
682,-0.40759545744876635,-0.4080526270677981,-0.4094872539216635,0.17744762814311543
683,-0.4082883155968864,-0.40945615839547433,-0.41136879226741496,0.022926217968860074
684,-0.4034491344686103,-0.40961686808948317,-0.41307830425012637,0.5500560398043433
685,-0.4131383226337271,-0.41568098054341307,-0.41536840520809815,0.08291540587415902
686,-0.410258630955603,-0.41263821033684744,-0.4116698384027352,-0.06149657204640546
687,-0.40681599203213137,-0.40774192165938117,-0.4145620316313475,0.1270841735180379
688,-0.39895638241439413,-0.4051705665552412,-0.41227193067337575,0.039532803697390095
689,-0.39591430210780443,-0.40215993828747754,-0.4030792718984184,-0.11854212387147212
690,-0.3928722218012147,-0.39913859604011315,-0.4017353159371674,-0.06539152401052017
691,-0.39250414091002594,-0.3986778949172881,-0.3997892677052759,-0.32324575619097573
692,-0.39535135486245687,-0.39733864746721526,-0.39652076680751336,-0.3194943057125962
693,-0.4019768109038552,-0.39934216165252423,-0.3998107710006559,-0.19312516545968716
694,-0.39851252016325467,-0.4047312933916174,-0.4067025771699513,-0.01705750203499956
695,-0.3986207792488985,-0.4034456158395475,-0.4068423485899214,0.021038431182377915
696,-0.3863983284797178,-0.3926244964429588,-0.40226214667397775,0.017663053563166553
697,-0.39249331500146156,-0.39488514613868175,-0.39340278897741077,-0.14238749359810177
698,-0.38992757467170436,-0.39235664695294425,-0.39385435818039116,-0.04476380397697044
699,-0.3847636162864969,-0.3906638381760521,-0.38944618262748765,0.4483376095126641
700,-0.395643654393695,-0.39733864746721526,-0.39761743487189416,-0.002621994819101525
701,-0.3928289181669572,-0.3946922945058713,-0.3995742347514757,0.2700840225940615
702,-0.402723798594797,-0.40087426073540755,-0.3990474040146652,0.07605455035788777
703,-0.40700003247772576,-0.4064455301277107,-0.408788396821813,-0.011318679687364663
704,-0.39918372649424605,-0.4053741321676524,-0.40984205829543385,0.34580084962776203
705,-0.4064370852323782,-0.40280277706351253,-0.4047350256426798,0.3321378999794644
706,-0.4142642171244222,-0.4099168595182995,-0.41651883151092906,0.839880794800298
707,-0.41835641056175643,-0.4227629210593983,-0.421529099334473,0.5216971772268091
708,-0.4365655887670372,-0.4287734636153253,-0.4276037802793279,0.7008822867209168
709,-0.4149137716382847,-0.41774877860632553,-0.43772108075562577,2.710465959220836
710,-0.4294746186573708,-0.4203844175880689,-0.422722532228064,1.3535765271155955
711,-0.41314914854229134,-0.41724522156509825,-0.41862615445817075,1.372860157802151
712,-0.4044234662394042,-0.4014849575726408,-0.4100678428969239,0.6144121263703772
713,-0.3990213378657804,-0.39907431216250966,-0.41430399208678736,0.7050129027628984
714,-0.3856621666973401,-0.38369975143567325,-0.4030792718984184,0.8430495797633215
715,-0.37035433198731205,-0.3758785463272478,-0.3862851982066252,0.4928193588452583
716,-0.3777376016282167,-0.3735643267335218,-0.37238331774344424,0.3671980345244781
717,-0.3667926080696323,-0.3723215050998543,-0.38274790611661236,-0.0435947617009379
718,-0.36132552424462216,-0.36530384846147257,-0.36803965207668077,-0.204476009273165
719,-0.36765868075478236,-0.3697072940773122,-0.369684654173252,-0.24872456869143966
720,-0.3742624849790519,-0.37511785377560636,-0.37545828898278666,-0.04934286216187467
721,-0.36473568544240087,-0.36924659295448703,-0.3768022449440377,-0.103309935993389
722,-0.3639886977514588,-0.36680380560555415,-0.36736229827221023,-0.027846710723272272
723,-0.37011616199889574,-0.36861446815805265,-0.36800739713361086,-0.2917818183617573
724,-0.3656775394875016,-0.36833590468843747,-0.3679106323044007,-0.20264512824826741
725,-0.35370408461530134,-0.35922902202794205,-0.37075981894225296,0.03697451858962775
726,-0.3595717270571932,-0.3570433701894231,-0.3565998989345118,0.08922143021498008
727,-0.35585844041961223,-0.36075040713122486,-0.364384091862078,-0.1309018078713039
728,-0.34773900899633003,-0.35308991171680815,-0.35783633841886275,0.10415795554917762
729,-0.3509976074742073,-0.35137567498071487,-0.3490952488468858,1.5945501599546734
730,-0.35580431087679043,-0.3597754349875718,-0.35783633841886275,-0.07561105654205957
731,-0.36180186422145477,-0.3613718179480586,-0.3621154941994862,0.06446000143501496
732,-0.37106884195256085,-0.3677144938716037,-0.36696448730767994,-0.02172253740316743
733,-0.3696722997477564,-0.37438930316276686,-0.374641163758346,-0.04119358597842038
734,-0.36084918426778967,-0.36628953458472613,-0.37113612661140327,0.14570534691484172
735,-0.36127139470180036,-0.36579669152309924,-0.36445935339590796,-0.07129116698872029
736,-0.3593876866115989,-0.3638896031541956,-0.36197572277951606,-0.28231257592589387
737,-0.350153186606186,-0.3565183851889946,-0.3635347116945672,-0.026062220264883917
738,-0.35137651427396044,-0.35338990314562446,-0.353148620026019,-0.00956511627331591
739,-0.35571770360827537,-0.358768320905117,-0.3572880043866723,0.1132839077928729
740,-0.3589654761775882,-0.35930401988514615,-0.3622767689148363,0.011057655433139413
741,-0.3593985125201633,-0.36306462672495077,-0.36616886537861937,-0.02284209640825674
742,-0.36890366023968557,-0.3686251821376533,-0.36712576202303004,-0.019441358612687032
743,-0.3695532147535482,-0.3754821290820263,-0.3738670451246654,-0.25349290038770145
744,-0.37207565144904786,-0.3735428987743207,-0.376060381253427,-0.13036244021802335
745,-0.3636422686773988,-0.36855018428044917,-0.3731789396725048,-0.15336226455241142
746,-0.3591062129889251,-0.365678837747493,-0.3676740960552205,-0.08953688606724286
747,-0.3561074363165929,-0.36189680294848714,-0.3650399423711683,-0.1971036204435186
748,-0.3577313226012494,-0.3625289277449216,-0.3629218677762368,-0.457252639313964
749,-0.35596669950525606,-0.36225036427530644,-0.3630508875485169,-0.2988263805214052
750,-0.35374738824955887,-0.36038613182480506,-0.35983614488920435,-0.4008707818604226
751,-0.355219711814314,-0.35950758549755724,-0.3580083647819028,-0.3534651897559733
752,-0.3644109081854695,-0.36246464386731814,-0.36274984141319655,-0.0902772795087301
753,-0.36397787184289443,-0.3684430444844433,-0.37241557268651415,0.06720446734970076
754,-0.36485477043660886,-0.3702322790777407,-0.3714049178036535,-0.21267229456401526
755,-0.3759405008065302,-0.3720322276506386,-0.37150168263286354,0.17725773609087114
756,-0.37751025754836476,-0.38298191480243426,-0.38487673235923403,-0.13717319392246463
757,-0.3731798941226143,-0.3789213165338132,-0.37936113709425967,-0.25567449409540866
758,-0.38073637830054896,-0.37906059826862093,-0.3786192734036491,-0.0752677663498913
759,-0.37637353714910526,-0.3803998457186938,-0.3852100334376244,-0.28062024805963726
760,-0.3834645072587717,-0.3800462843918745,-0.3823285918567021,-0.1817458687654171
761,-0.372768509597168,-0.3783749035741836,-0.38378006429485323,0.021422545073074506
762,-0.375875545355144,-0.3744964429587726,-0.37396380995387546,-0.05683772208710536
763,-0.3736562340994469,-0.3749142881631954,-0.38328548850111277,0.3693196297661667
764,-0.3623972891924955,-0.3657431216250965,-0.3768882581255578,0.4291207812418816
765,-0.3549815418258978,-0.3588218908031199,-0.3598038899461342,-0.2481165429997254
766,-0.3529354451072306,-0.35877903488471763,-0.3614058854519455,-0.154622232338802
767,-0.3528813155644087,-0.35598268620896545,-0.3559548000731112,-0.15997755933662727
768,-0.35125742927975234,-0.3560898260049713,-0.356965454955972,-0.15760236233135483
769,-0.34445875870132403,-0.34761506814091025,-0.35166489264479783,-0.16127463957622523
770,-0.348226174881727,-0.3496078683466187,-0.34932103344837595,-0.31580965764999
771,-0.35077026339435535,-0.3476364961001115,-0.35106280037415727,0.16388673774113816
772,-0.34898398848123324,-0.3527042084511871,-0.35657839563913163,0.3856002444473585
773,-0.34718688765954686,-0.34998285763263903,-0.3494070466298961,2.0149291028435563
774,-0.3623864632839311,-0.36841090254564157,-0.3755227988689266,0.8195295625431431
775,-0.35381234370094516,-0.36037541784520444,-0.3649861841327183,-0.10793352912214205
776,-0.3556960517911466,-0.36219679437730357,-0.3623627820963563,0.03542445512733283
777,-0.36062184018793775,-0.3626682094797291,-0.36107258437355527,0.2090074398097863
778,-0.37101471240973904,-0.36977157795491555,-0.3692545882656517,-0.06336518406539704
779,-0.37967543926124003,-0.3729643438758893,-0.37636142738874734,-0.11157364224089938
780,-0.3732340236654361,-0.3741964515299563,-0.37279188035566446,-0.15070872414808367
781,-0.36521202541923337,-0.37005014142453074,-0.37812469760990874,0.31744507975466196
782,-0.35747150079570433,-0.36183251907088376,-0.36483566106505827,-0.1729564027641355
783,-0.35943099024585634,-0.3633217622353647,-0.3623412788009762,-0.44402328682730585
784,-0.35882473936625137,-0.36342890203137057,-0.3648141577696783,-0.25960346580829685
785,-0.3638154832144288,-0.3639538870317991,-0.36405079078368763,0.017269661559168314
786,-0.3647789890766583,-0.3703287048941458,-0.3713834145082735,-0.08492380813356526
787,-0.3661971830985915,-0.370146567240936,-0.3702867464438925,0.2507626609134117
788,-0.3620292083013068,-0.3683037627496357,-0.3712758980313734,0.24472693894011788
789,-0.37908001429019933,-0.37076797805776984,-0.3700287068993324,0.30805501055230744
790,-0.37835467841638604,-0.37617853775606414,-0.38442516315625375,0.7593313078181094
791,-0.38903985016942544,-0.3845461558241192,-0.3825436248105023,0.06642510583234573
792,-0.38676640937090645,-0.3927637781777664,-0.3908976550656389,0.9559172095393851
793,-0.39250414091002594,-0.39466015256706954,-0.39254265716221015,0.6270959257948869
794,-0.4015437745612801,-0.3985171852232794,-0.3971981206119839,0.2746154531306828
795,-0.4020201145381126,-0.40672409359732575,-0.4079927748927523,-0.08352714281119411
796,-0.39672624525013267,-0.40217065226707804,-0.40618649808083096,0.21966489928917277
797,-0.3936625131264141,-0.3993207336933231,-0.39753142169037403,-0.16290202064936898
798,-0.38617098439986575,-0.392517356646953,-0.39844531174402475,-0.04157893695089032
799,-0.3873401825248185,-0.39040670266563815,-0.38984399359201805,-0.30156033124101567
800,-0.3842439726754069,-0.38716036684666155,-0.3889838617768173,-0.08139565091531675
801,-0.3864416321139752,-0.38716036684666155,-0.38637121138814523,-0.05365780338811954
802,-0.38491517900639816,-0.3905888403188481,-0.39142448580244926,0.0768388602023371
803,-0.3968778079700339,-0.39466015256706954,-0.3926071670483502,0.11112829280241088
804,-0.4029294908575203,-0.40153852747064367,-0.4046167575180897,0.06957595310965248
805,-0.3927747886241353,-0.3974457872632211,-0.40381038394133906,0.2566567370236308
806,-0.38319385954466234,-0.3888638896031542,-0.39324151426206067,0.02902936089881414
807,-0.38114776282599516,-0.3865389560298277,-0.38538205980066453,0.1577458638170901
808,-0.37925322882722934,-0.38557469786577525,-0.3865539893988754,-0.12705572063724557
809,-0.37797577161663287,-0.38109625439273165,-0.38667225752346546,-0.021730578434695724
810,-0.38532656353184447,-0.3840854547012943,-0.38192002924448176,0.3557352348104914
811,-0.39577356529646757,-0.39466015256706954,-0.39382210323732114,0.6531581460597708
812,-0.4021933290751426,-0.4022027942058798,-0.40279972905847816,0.3297126011623621
813,-0.41226142404001265,-0.4109989714579584,-0.408981926480233,-0.032073819143593085
814,-0.4154009375236817,-0.41464172452215653,-0.418991710479631,0.5001422644039617
815,-0.4274393478472681,-0.4221415102425645,-0.4206689675192723,0.22340274186804288
816,-0.426659882430633,-0.43125910688266045,-0.4319904525368513,0.18001086157797208
817,-0.42282751079884384,-0.42787348932887637,-0.4311088174262706,0.13381266128453628
818,-0.4134306221649652,-0.41949515728122044,-0.4254211957982561,-0.2075575799711512
819,-0.4158556256833854,-0.41717022370789403,-0.4177552709952801,0.24448137820806237
820,-0.4242348789122127,-0.4227843490185995,-0.4210990334268727,0.20571618375117828
821,-0.43851425230862506,-0.43499828576326394,-0.43379672934877267,0.39879743280790336
822,-0.44168624351798724,-0.43499828576326394,-0.44073154210882826,0.5167841069630386
823,-0.4335343343690119,-0.4381267678066342,-0.4430646496575601,0.9016087011383627
824,-0.42253521126760574,-0.42728422045084435,-0.4381511466632261,0.13521922326109603
825,-0.4259670242825129,-0.426030684837576,-0.4244320442107753,-0.23993881393547878
826,-0.4138420066904115,-0.4188737464643868,-0.4260017847735166,0.10198935120009311
827,-0.42162583494819805,-0.4215415273849319,-0.4209915169499726,0.23978788995910216
828,-0.42068398090309733,-0.4253664181023399,-0.4249158683568257,0.2609933271809133
829,-0.43284147622089186,-0.4238450329990572,-0.42335687944177447,0.5685992770494115
830,-0.43077372768509603,-0.4365518128053485,-0.43771032910793584,1.3212472505857584
831,-0.42378019075250895,-0.42802348504328447,-0.43758130933565564,0.467552582160786
832,-0.41357135897630204,-0.41876660666838095,-0.42538894085518597,0.2801068591236018
833,-0.41142782908055564,-0.41630239136024694,-0.4220881850143535,0.21192571571366003
834,-0.41973130094943223,-0.4128739178880604,-0.41349761851003664,0.4418936505540889
835,-0.41107057409793124,-0.4171595097282935,-0.42008837854401193,0.5000896884285846
836,-0.3977330547466196,-0.4032313362475358,-0.41581997441107843,2.47425880245536
837,-0.3962390793647357,-0.39573155052712783,-0.39371458676042104,1.8382002192108904
838,-0.40349243810286783,-0.4076347818633753,-0.41005709124923395,1.4740664362395681
839,-0.41143865498912,-0.40749550012856783,-0.41382016794073684,0.5719585726055663
840,-0.41763107468794314,-0.4133131910516842,-0.4218193938221033,0.9641518443652162
841,-0.38508839354342816,-0.39122096511528237,-0.41221817243492564,1.0393268295820892
842,-0.38742678979333345,-0.3916602382789064,-0.3903385693857584,0.8763988302154748
843,-0.40993385369867175,-0.40014571012256794,-0.40058488963433647,1.157945652523523
844,-0.41021532732134547,-0.41089183166195253,-0.41873367093507086,1.4503818871435041
845,-0.3736670600080112,-0.3788891745950116,-0.41376640970228684,2.3196916202554823
846,-0.37925322882722934,-0.36969658009771156,-0.38554333451601464,1.486303030602929
847,-0.38127767372876775,-0.386121110825405,-0.38917739143523744,0.29187212533122864
848,-0.3929913067954228,-0.39003171337961773,-0.3892956595598276,0.3500434215702526
849,-0.3875025711532841,-0.3913709608296906,-0.40026234020363627,0.20137773797123537
850,-0.39368416494354297,-0.39234593297334364,-0.3972196239073639,0.3972331429052123
851,-0.3872644011648678,-0.39301019970857975,-0.4003806083282263,1.3669555664968565
852,-0.3703759838044408,-0.371764378160624,-0.3908654001225689,0.5958497143578185
853,-0.3682216280001299,-0.3726964943858747,-0.37646894386564733,0.4925669941634483
854,-0.35835922529798314,-0.3646181537670353,-0.37689900977324786,0.8798391546277993
855,-0.3463749445172186,-0.35135424702151374,-0.36338418862690713,0.9859220094166665
856,-0.34981758344069025,-0.35136496100111425,-0.35578277371007117,0.04222593071847225
857,-0.3433978196620152,-0.3500899974286449,-0.35466460235031017,-0.0023547851560083988
858,-0.35268644921025005,-0.35033641895945833,-0.34819211044092513,0.12673779062143575
859,-0.36104405062194844,-0.3580933401902803,-0.35850294057564325,0.34009790265156115
860,-0.35955007524006455,-0.361414673866461,-0.36888903224419145,0.4237487536401132
861,-0.3454872200149397,-0.350882831919088,-0.3601479426722145,0.4508742456893886
862,-0.35174459516514933,-0.35230779120596556,-0.35033168833123673,0.2166247708306015
863,-0.3423368806227063,-0.34883646181537675,-0.35425603973808983,0.06105926363944514
864,-0.3412975934005261,-0.34705794120168,-0.348030835725575,-0.24819880893766844
865,-0.335278388238733,-0.34204379874860713,-0.34629982044748364,-0.06259510066134388
866,-0.337725043574282,-0.34249378589183166,-0.3436979217065016,-0.21470605699977985
867,-0.34164402247458625,-0.34414373875032145,-0.34442903374942213,-0.23536594115944254
868,-0.3416656742917149,-0.3479364875289277,-0.3462353105613436,-0.0901071807648629
869,-0.3461367745288023,-0.3523185051855662,-0.3528045672999387,0.3043295387911731
870,-0.33877515670502656,-0.3435437558926887,-0.3458374995968133,0.4316722623998892
871,-0.3398360957443354,-0.3435223279334876,-0.3439129546603017,-0.22014736118086875
872,-0.3367940154377457,-0.34103668466615245,-0.34339687557118126,0.2270638853769511
873,-0.34115685658918926,-0.34338304619868,-0.3434936404003913,-0.10671562211605312
874,-0.34689458812830876,-0.3457079797720065,-0.3475255082841445,0.03634113272155526
875,-0.3455630013748904,-0.35122567926630677,-0.3522132266769883,0.15243754592666092
876,-0.34809626397895455,-0.3528220622267936,-0.35204120031394814,0.052691023982067264
877,-0.3469270658540018,-0.35156852661352533,-0.35299809695835893,0.30245968969040793
878,-0.3490272921154909,-0.34961858232621934,-0.3483963917470353,0.30557280597362046
879,-0.3521776315077243,-0.35416130967686643,-0.3527508090614887,0.35728282410923917
880,-0.3602212815710558,-0.35657195508699757,-0.35430979797653994,0.13621074430261992
881,-0.3557610072425328,-0.36188608896888663,-0.36141663709963545,0.06739930772903957
882,-0.3605352329194228,-0.36087897488643184,-0.359535098753884,0.2697487734334214
883,-0.3650712886078964,-0.3659574012171082,-0.3688245223580514,0.20345727243262224
884,-0.3673339034978511,-0.3683680466272393,-0.3663946499801095,0.6622098733970514
885,-0.37627610397202593,-0.3778820605125568,-0.37580234170886695,0.2050747568515774
886,-0.3804765564950039,-0.38291763092483067,-0.38482297412078403,0.4848810051041994
887,-0.3833995518073855,-0.3806462672495071,-0.3875323893386662,0.7416484609465654
888,-0.3610657024390772,-0.3663216765235279,-0.39008052984119823,1.8301969186767182
889,-0.3653202845048771,-0.3637396074397874,-0.364491608338978,2.4451453199959423
890,-0.37959965790128936,-0.3819962286791806,-0.3890268683675774,2.179984882860727
891,-0.3936192094921567,-0.3984743293048769,-0.40434796632583947,0.4916985627583954
892,-0.3983826092604822,-0.39633153338476035,-0.3956821382876926,0.3717523510739107
893,-0.3898409674031893,-0.3959351161395389,-0.4074014342698019,1.6986802811639454
894,-0.3763410594234121,-0.3814283877603497,-0.39524132073240226,1.4286061552240725
895,-0.3714694005694428,-0.37662852489928855,-0.37572708017503686,0.2071709919169078
896,-0.3678860248346343,-0.37373575040713125,-0.37308217484329476,-0.026511899489580104
897,-0.37096058286691713,-0.37582497642924484,-0.3737917835908354,0.22539073227818496
898,-0.3731798941226143,-0.37762492500214284,-0.38087711941855085,0.7109706885844569
899,-0.3773803466455923,-0.37908202622782206,-0.3778128998268985,0.04267375432050802
900,-0.3752692944755388,-0.3806462672495071,-0.3819092775967917,0.20678069261734344
901,-0.38342120362451426,-0.3827890631696237,-0.38148996333688145,0.5367734928014212
902,-0.38963527514046625,-0.38498542898774324,-0.3957036415830727,0.5003420531103948
903,-0.3828041268363448,-0.38918530899117165,-0.39182229676697955,0.32711658506050556
904,-0.38044407876931075,-0.38643181623382195,-0.39179004182390953,0.2900072245575578
905,-0.37905836247307056,-0.38477114939573154,-0.38587663559440477,0.3876618412230286
906,-0.3904363923742301,-0.3888638896031542,-0.3871560816695159,0.5797528063200033
907,-0.3969319375128558,-0.4000278563469615,-0.398746357879345,0.0953010685912361
908,-0.39584934665641824,-0.4010671123682181,-0.40538012450408034,0.032486385915081684
909,-0.39560035075943756,-0.4006278392045942,-0.40100420389424685,0.1274262266284325
910,-0.39734332203830214,-0.3988814605296992,-0.39691857777204365,-0.15983591347355242
911,-0.3929588290697297,-0.39914931001971377,-0.40298250706920835,-0.2350449184391986
912,-0.3931428695153242,-0.3992671637953201,-0.3981657689040846,-0.02880421201602268
913,-0.39639064208463703,-0.3999528584897575,-0.398671096345515,-0.17207869324578096
914,-0.395870998473547,-0.40196708665466707,-0.4016923093464073,-0.545885837145607
915,-0.3997358478310292,-0.40166709522585065,-0.39993979077293595,0.06601192051997029
916,-0.4097822909787704,-0.4095097282934773,-0.40773473534819216,1.0210310086917365
917,-0.4140260471360059,-0.41443815890974545,-0.4154866733326883,0.03049282863695857
918,-0.4191575277955203,-0.41820947972915057,-0.41627154361405894,0.3685501649030005
919,-0.4180099814876963,-0.4204594154452731,-0.42429227279080517,-0.04749837323746775
920,-0.42401836074092525,-0.4237164652438502,-0.42260426410347396,-0.00651509116055593
921,-0.4174145565166557,-0.4228593468758036,-0.42917352084206906,0.33899195154598116
922,-0.41505450844962155,-0.41929159166880947,-0.4242385145523552,-0.012500711322019797
923,-0.41081075229238617,-0.41479172023656463,-0.4202926598501221,0.05883993893764372
924,-0.4171763865282394,-0.4142667352361361,-0.41632530185250893,0.148081162461001
925,-0.42018598910913596,-0.41962372503642753,-0.41983033899945166,-0.08202161429274801
926,-0.4203483777376017,-0.4262342504499872,-0.4242815211431151,-0.11472263389554571
927,-0.42716870013315866,-0.43177337790348846,-0.4310228042447505,-0.2980061953055221
928,-0.43032986543395657,-0.42945915830976256,-0.4305712350417702,-0.2626132857634156
929,-0.4305572095138085,-0.42974843575897836,-0.4332161403735123,0.03794500924100075
930,-0.4237477130268158,-0.4281841947372932,-0.43256028986442174,-0.14936154209665564
931,-0.42448387480919336,-0.4280449130024856,-0.4298186197034696,-0.2622211308411909
932,-0.42454883026057966,-0.4273056484100455,-0.42791557806233804,-0.30503281977945307
933,-0.43183466672440485,-0.4307876917802349,-0.43045296691718005,0.4147155825294364
934,-0.4380270864232281,-0.43524470729407727,-0.4371619950757454,-0.002287982740235117
935,-0.4400515313247665,-0.4443730179137739,-0.4447204034018213,-0.22415798029081313
936,-0.44353747388249565,-0.44322662209651154,-0.4435484738036105,-0.32424593680491465
937,-0.44193523941496793,-0.4458729750578555,-0.4498704426453354,-0.40277712487350836
938,-0.44097173355273844,-0.4451337104654153,-0.44831145373028414,-0.3000473802319281
939,-0.4387957259312988,-0.4376339247450073,-0.4449031814125516,0.08878597743068006
940,-0.4392720659081313,-0.44338733179052026,-0.4438172649958607,-0.20964577400495332
941,-0.43978088361065704,-0.44245521556526957,-0.44292487823758997,-0.27725414855372765
942,-0.45450411925820877,-0.4461515385274706,-0.4444086056188111,-0.020228761161570352
943,-0.453995301555683,-0.45434773292191655,-0.4555365609779699,-0.246023400638829
944,-0.4530101438763249,-0.45522627924916426,-0.4561816598393704,-0.31170130907993276
945,-0.4534215284017712,-0.45384417588068915,-0.45325721166768806,-0.19929387372364094
946,-0.44590834785809397,-0.4509299734293306,-0.45760087733445154,0.0391926062096557
947,-0.444295287482002,-0.44929073455044144,-0.4496339063961552,-0.4342676599608587
948,-0.4471316755258685,-0.4467943773035056,-0.4503005085529358,-0.26920136474861256
949,-0.44109081854694654,-0.44640867403788465,-0.4478276295842337,-0.29536749988247724
950,-0.4409392558270453,-0.44445872975057854,-0.4473330537904935,-0.20583185089700795
951,-0.4424873607517511,-0.44150167138081775,-0.4454192605016719,0.014428703266143206
952,-0.4378863496118912,-0.4436551812805348,-0.4455052736831919,-0.17913438914139101
953,-0.4478137077654243,-0.44395517270935114,-0.4423765442053995,-0.0052031659396749586
954,-0.44992475993547765,-0.4511978229193452,-0.4538055456998785,-0.27853390964849556
955,-0.4425523162031374,-0.4483157624067884,-0.4536980292229784,0.2561563374462179
956,-0.44089595219278777,-0.44200522842204515,-0.44812867571955406,0.2947013313474047
957,-0.45762198092474915,-0.4451337104654153,-0.44497844294638156,0.6500110100277849
958,-0.4554567992118739,-0.45679052027084943,-0.458116956423572,0.3678901817767959
959,-0.45194920483701595,-0.4535763263906746,-0.4601060112462235,1.247261719494182
960,-0.470851241190417,-0.4554727007799777,-0.45574084228408007,6.16533721612066
961,-0.5161468426237672,-0.5190494557298363,-0.5217237041576622,1.6328947466085402
962,-0.5200008660726851,-0.5182887631781949,-0.5167564429248783,0.24437189647110058
963,-0.5254787758062596,-0.525092140224565,-0.5253685127245751,-0.013565220188184846
964,-0.5304153901116151,-0.530127710636839,-0.5285510004408176,-0.2307373997035952
965,-0.5307509932771108,-0.5316062398217194,-0.5307658398649593,-0.12853032211135218
966,-0.5319418432191922,-0.5341025970686551,-0.5327871496306809,0.3972411839367407
967,-0.5360340366565264,-0.5374132167652352,-0.5394424195507961,0.6410619604777115
968,-0.5311407259854284,-0.5356346961515386,-0.5406251007966971,0.2033205748966418
969,-0.52998235376904,-0.5313383903317048,-0.534131105591932,-0.19959757729905458
970,-0.5258901603317059,-0.5294527299220022,-0.5305723102065392,-0.1597406581769868
971,-0.5188533197648613,-0.5205494128739179,-0.5285617520885075,0.31081926977537067
972,-0.5217005337172922,-0.5230993400188566,-0.5221537700652625,-0.0744562407064232
973,-0.5230537722878392,-0.5239993143053057,-0.522680600802073,0.04237005074509437
974,-0.5291054551753256,-0.5276634953287049,-0.5286585169177176,0.06621789463527117
975,-0.5259875935087852,-0.5294420159424016,-0.5284004773731574,-0.2213671238096181
976,-0.5241038854185838,-0.5266349532870489,-0.5274435807287468,-0.22044859059273536
977,-0.5196327851814964,-0.5245992971629382,-0.5279489081701771,0.023136521870368743
978,-0.5196652629071895,-0.5226922087940344,-0.5227773656312831,-0.08036392471615161
979,-0.5144363490705958,-0.5165316705236993,-0.5229601436420132,0.09999950516729061
980,-0.5132238473113857,-0.5151709951144253,-0.5140147727639262,1.6896316465310992
981,-0.5090991761483583,-0.5141745950115711,-0.5165629132664581,-0.011447336191816926
982,-0.5197410442671402,-0.5152567069512299,-0.5139072562870259,0.19827822958753227
983,-0.5191672711132282,-0.5236136110396846,-0.5231644249481233,-0.22047951763707485
984,-0.5144038713449026,-0.5189958858318333,-0.5222827898375426,-0.17034430459922256
985,-0.5153240735728746,-0.5197030084854719,-0.5215731810900021,-0.179266756891164
986,-0.5137543168310401,-0.5185137567498072,-0.5194228515520003,-0.32241010745292287
987,-0.5185610202336232,-0.5190173137910346,-0.517745594512359,-0.004058865299114034
988,-0.5177490770912949,-0.521674380731979,-0.5217882140438023,-0.20342077852030171
989,-0.5211592382890734,-0.5228850604268449,-0.5221215151221925,-0.2360624181979677
990,-0.5218629223457578,-0.5260885403274193,-0.5266802137427561,-0.03399067735175432
991,-0.526702103474034,-0.5281777663495328,-0.5266909653904461,-0.2004734311947488
992,-0.533836377217958,-0.5315955258421188,-0.5309593695233794,0.2628378161053202
993,-0.5370733238787065,-0.5355168423759322,-0.5370125471728542,0.2666084413511902
994,-0.5363155102792002,-0.5398881460529699,-0.54426990936361,0.1514472619669105
995,-0.5399421896482663,-0.5386346104397017,-0.5396789557999764,-0.08549101012675142
996,-0.5393034610429681,-0.5413023913602468,-0.5433775226053392,-0.17714021332238106
997,-0.5342261099262755,-0.5368346618668038,-0.5425173907901386,0.07256907246082789
998,-0.5286074633813642,-0.530845547270078,-0.5337763012181618,-0.346707012026909
999,-0.5243637072241287,-0.5291848804319876,-0.5317227365093701,-0.3337739406250232
1000,-0.5271351398166091,-0.5309312591068827,-0.5298411981636186,-0.46156572491754855
1001,-0.5282502083987399,-0.5297741493100198,-0.5321958090077304,0.08961915200518589
1002,-0.5294951878836431,-0.5323455044141596,-0.5343031319549721,-0.23532326183825403
1003,-0.5352653971484558,-0.5323990743121625,-0.534174112182692,0.12044042585302983
1004,-0.5333275595154323,-0.5375310705408417,-0.5388833338709158,0.036295360695932644
1005,-0.531617065962261,-0.5362025370703695,-0.5373996064896946,0.15717371349680964
1006,-0.5240714076928906,-0.5279849147167224,-0.5319377694631703,0.28856231304601687
1007,-0.5194812224615951,-0.5235600411416816,-0.5257770753367954,-0.12138617486893122
1008,-0.519448744735902,-0.5243635896117254,-0.5234869743788235,-0.1480502354166615
1009,-0.5174567775600567,-0.5197887203222765,-0.5208528206947716,-0.18119969716238182
1010,-0.5147936040532202,-0.5196172966486672,-0.5196378845058005,-0.07958332611702301
1011,-0.5150317740416364,-0.5182244793005915,-0.5207238009224915,-0.14617729361146226
1012,-0.5098028602050427,-0.5121817948058627,-0.5175413132062489,-0.0681836175734889
1013,-0.5094239534052896,-0.5144210165423845,-0.5130041178810654,-0.18976030303555125
1014,-0.5104848924445984,-0.513638896031542,-0.5121547377135547,0.06250788639630667
1015,-0.5150534258587652,-0.5149460015428131,-0.5134234321409756,0.3226346377948275
1016,-0.5161468426237672,-0.5192637353218479,-0.5222827898375426,0.3443652162295232
1017,-0.5202282101525371,-0.5197458644038742,-0.5205732778548313,0.08622954794557836
1018,-0.5205313355923396,-0.5201637096082969,-0.525228741304605,0.17092387741014448
1019,-0.5193946151930802,-0.5227564926716379,-0.5235729875603437,0.09991662068846074
1020,-0.5156705026469346,-0.519081597668638,-0.5223150447806126,0.8588557735843454
1021,-0.5084171439088025,-0.5118603754178452,-0.5141330408885162,0.28704626933249533
1022,-0.5065442617271655,-0.5104139881717665,-0.5136492167424658,0.26599546733238166
1023,-0.5112643578612335,-0.5105961258249765,-0.5099291466417228,0.79635345405602
1024,-0.5196003074558033,-0.5158031199108597,-0.5175198099108689,3.554562728705493
1025,-0.5020623355815137,-0.5066640953115625,-0.5099398982894128,1.2480435551750841
1026,-0.5009689188165117,-0.5029892003085626,-0.5057145007472394,-0.0683735096257333
1027,-0.4976453648872482,-0.50238921745093,-0.505144663419669,0.22689254955131055
1028,-0.4991826439033896,-0.5023785034713294,-0.5024029932587168,0.2131819722547299
1029,-0.5015102142447305,-0.5050569983714751,-0.5033168833123677,0.5889956627913018
